-- phpMyAdmin SQL Dump
-- version 4.0.4.1
-- http://www.phpmyadmin.net
--
-- Inang: 127.0.0.1
-- Waktu pembuatan: 12 Sep 2018 pada 19.56
-- Versi Server: 5.5.32
-- Versi PHP: 5.4.19

SET SQL_MODE = "NO_AUTO_VALUE_ON_ZERO";
SET time_zone = "+00:00";


/*!40101 SET @OLD_CHARACTER_SET_CLIENT=@@CHARACTER_SET_CLIENT */;
/*!40101 SET @OLD_CHARACTER_SET_RESULTS=@@CHARACTER_SET_RESULTS */;
/*!40101 SET @OLD_COLLATION_CONNECTION=@@COLLATION_CONNECTION */;
/*!40101 SET NAMES utf8 */;

--
-- Basis data: `db_smanco`
--
CREATE DATABASE IF NOT EXISTS `db_smanco` DEFAULT CHARACTER SET latin1 COLLATE latin1_swedish_ci;
USE `db_smanco`;

-- --------------------------------------------------------

--
-- Struktur dari tabel `db_akses`
--

CREATE TABLE IF NOT EXISTS `db_akses` (
  `id` int(11) NOT NULL AUTO_INCREMENT,
  `username` varchar(30) DEFAULT NULL,
  `password` varchar(50) NOT NULL,
  `nama` varchar(30) DEFAULT NULL,
  `level` int(5) DEFAULT NULL,
  `alamat` varchar(30) NOT NULL,
  `date` date NOT NULL,
  `biografi` varchar(50) NOT NULL,
  PRIMARY KEY (`id`)
) ENGINE=InnoDB  DEFAULT CHARSET=latin1 AUTO_INCREMENT=4 ;

--
-- Dumping data untuk tabel `db_akses`
--

INSERT INTO `db_akses` (`id`, `username`, `password`, `nama`, `level`, `alamat`, `date`, `biografi`) VALUES
(1, 'admin', '21232f297a57a5a743894a0e4a801fc3', 'tama', 1, 'semarang utara', '1995-10-04', 'Saya adalah seorang programer web develop'),
(2, '111', '824498d2d04a6e9d1c6229633cdfba80', 'minarto', 2, '', '0000-00-00', ''),
(3, '100', '9bce38dc12d1c05760e5b15e2de73a98', 'irawati', 3, '', '0000-00-00', '');

-- --------------------------------------------------------

--
-- Struktur dari tabel `db_centroid`
--

CREATE TABLE IF NOT EXISTS `db_centroid` (
  `id` int(10) NOT NULL AUTO_INCREMENT,
  `c1a` double NOT NULL,
  `c1b` double NOT NULL,
  `c1c` double NOT NULL,
  `c1d` double NOT NULL,
  `c2a` double NOT NULL,
  `c2b` double NOT NULL,
  `c2c` double NOT NULL,
  `c2d` double NOT NULL,
  `c3a` double NOT NULL,
  `c3b` double NOT NULL,
  `c3c` double NOT NULL,
  `c3d` double NOT NULL,
  PRIMARY KEY (`id`)
) ENGINE=InnoDB  DEFAULT CHARSET=latin1 AUTO_INCREMENT=2 ;

--
-- Dumping data untuk tabel `db_centroid`
--

INSERT INTO `db_centroid` (`id`, `c1a`, `c1b`, `c1c`, `c1d`, `c2a`, `c2b`, `c2c`, `c2d`, `c3a`, `c3b`, `c3c`, `c3d`) VALUES
(1, 8.5741935483871, 7, 8.497311827957, 7.9005376344086, 8.1858974358974, 6.2333333333333, 7.1682692307692, 6.8429487179487, 8.0040816326531, 5.1904761904762, 5.4081632653061, 5.8928571428571);

-- --------------------------------------------------------

--
-- Struktur dari tabel `db_guru`
--

CREATE TABLE IF NOT EXISTS `db_guru` (
  `nip` varchar(11) NOT NULL,
  `nama` varchar(30) DEFAULT NULL,
  `alamat` varchar(50) DEFAULT NULL,
  PRIMARY KEY (`nip`)
) ENGINE=InnoDB DEFAULT CHARSET=latin1;

--
-- Dumping data untuk tabel `db_guru`
--

INSERT INTO `db_guru` (`nip`, `nama`, `alamat`) VALUES
('01638815', 'minarto', 'semarang utara'),
('10886490', 'Edy Mulyanto', 'Yogyakarta'),
('190004678', 'Ella puspita', 'Pendowo');

-- --------------------------------------------------------

--
-- Struktur dari tabel `db_mapel`
--

CREATE TABLE IF NOT EXISTS `db_mapel` (
  `kd_mapel` varchar(20) NOT NULL,
  `nm_mapel` varchar(50) NOT NULL,
  `ruangan` varchar(10) NOT NULL,
  `hari` varchar(10) NOT NULL,
  `guru` varchar(20) NOT NULL,
  PRIMARY KEY (`kd_mapel`)
) ENGINE=InnoDB DEFAULT CHARSET=latin1;

--
-- Dumping data untuk tabel `db_mapel`
--

INSERT INTO `db_mapel` (`kd_mapel`, `nm_mapel`, `ruangan`, `hari`, `guru`) VALUES
('06638', 'ipa', 'G 4a', 'Jumat', 'minarto'),
('07735', 'matematika', 'G 3b', 'senin', 'agus dirmanto'),
('07738', 'bahasa inggris', 'G 4a', 'rabu', 'yayuk'),
('08835', 'bahasa indonesia', 'G 2a', 'kamis', 'edy mulyanto');

-- --------------------------------------------------------

--
-- Struktur dari tabel `db_nilai`
--

CREATE TABLE IF NOT EXISTS `db_nilai` (
  `id` int(11) NOT NULL AUTO_INCREMENT,
  `nama` varchar(30) NOT NULL,
  `ind` double NOT NULL,
  `ing` double NOT NULL,
  `mtk` double NOT NULL,
  `ipa` double NOT NULL,
  `nis` varchar(11) NOT NULL,
  PRIMARY KEY (`id`)
) ENGINE=InnoDB  DEFAULT CHARSET=latin1 AUTO_INCREMENT=397 ;

--
-- Dumping data untuk tabel `db_nilai`
--

INSERT INTO `db_nilai` (`id`, `nama`, `ind`, `ing`, `mtk`, `ipa`, `nis`) VALUES
(1, 'ROMZANAH', 9.2, 7, 9.75, 8, '0015575951'),
(2, 'DIA AWALLIYAH', 9.4, 5.8, 9.5, 9.25, '0029856079'),
(3, 'MELIA DIANA', 8.6, 7, 9.75, 8.25, '20324275'),
(4, 'HESTIA GITA REZAYI', 9.4, 7.8, 9.5, 7.5, '0015733887'),
(5, 'YULIA RAHMAWATI', 9, 7, 8.25, 8.5, '0021654323'),
(6, 'NISA ARDIYANTI', 9.2, 7.2, 9, 8, '0019560563'),
(7, 'ISNAENI', 9.2, 7.6, 8.75, 7.75, '0023414860'),
(8, 'RISKA ERA WULANDARI', 8.4, 7.4, 8.25, 8.25, '0030111237'),
(9, 'ALYA SAFITRI', 9.2, 6.8, 7.25, 9, '0015575100'),
(10, 'HAFID MUSTAKIM', 8.8, 7.2, 8.75, 7.5, '0021474995'),
(11, 'RISMA ANINDA', 9.4, 5.6, 9.5, 6.75, '0021655774'),
(12, 'IMELDA DWI OKTAVIANA', 9, 5.2, 8.25, 8.25, '0015597766'),
(13, 'VITA NUR FAUZIAH', 9.2, 5.8, 8.75, 7.25, '0023295518'),
(14, 'LIVIA NUR AINI', 8.6, 6.8, 9, 6.75, '0021655028'),
(15, 'WULAN OKTAVIANI', 8.8, 7.4, 8, 7.25, '0021474840'),
(16, 'NANDA UTAMI', 8, 6.4, 8.5, 7.25, '0021655681'),
(17, 'ALDI WIDODO', 9.2, 7.2, 7.5, 7.25, '0038755360'),
(18, 'SUCI WIDYASARI', 8.4, 6.2, 7.25, 8.25, '0015575387'),
(19, 'KHALIMAH', 7.2, 5.4, 9, 7.5, '0015575220'),
(20, 'RISKI MAULANA', 8.2, 5.2, 8.5, 7.5, '0016913666'),
(21, 'NUR KHOFIFAH', 9, 5.4, 7.75, 7.75, '0021711633'),
(22, 'LAILI ROSIYANTI', 9.2, 6.2, 7.25, 7.75, '0021695794'),
(23, 'MAR`ATUN SOLIKHAH', 9, 6.2, 7.5, 7.5, '0021692760'),
(24, 'ADILLA YULIANI NOER FIRDAUS', 8.4, 5.8, 8.75, 6.5, '0027753854'),
(25, 'DWI MIFTA HUROENI', 8, 4.2, 8.25, 6.75, '0015418451'),
(26, 'VIGI AYU OKTAVIANI', 8.4, 7, 7, 7.25, '0017010999'),
(27, 'MUHAMMAD ILHAM AINALYAQIN', 8.4, 6.8, 8.25, 6, '0021475094'),
(28, 'FERA NUR AZZAH', 8.2, 5.8, 7.75, 7, '0021655491'),
(29, 'UMI AINUN MAGHFUROH', 7.4, 6, 7.25, 7.75, '0023277866'),
(30, 'HEPPY INDAH SEPTIANI', 8.2, 5.2, 7.5, 7.5, '0021655485'),
(31, 'DIAH NOVIANTI', 8.6, 7.2, 6.25, 6.5, '9995716319'),
(32, 'PUTRI IKA SAFIRA', 8.6, 6.2, 6.75, 7.25, '0015575359'),
(33, 'BAGAS ARYA SAPUTRA', 8, 6.6, 8, 5.5, '0021654547'),
(34, 'NURUL KHAIRUNISA', 8.6, 5.8, 7.25, 5.75, '0021692758'),
(35, 'URFI FESTIANI', 8.6, 5.2, 7.25, 5.75, '0021510151'),
(36, 'SITI FARIATUN ISMA', 7.4, 5.4, 7, 6.5, '0021474858'),
(37, 'RATNA MARSELENA', 9.2, 6.4, 5, 6.75, '0015576609'),
(38, 'SHELVIA FEBBY VIOLA', 7.2, 6.4, 7.25, 5.5, '0021474848'),
(39, 'DWI RETNO RUKILASEH', 7.8, 5, 5.75, 7.25, '0015575978'),
(40, 'NURUL QONITA', 8.2, 5, 5.5, 7.25, '0021655085'),
(41, 'VANTI IFROKAH', 8.4, 4.4, 6.25, 6.5, '0021655896'),
(42, 'SHAFIRA FILLYANTI', 8.6, 5.6, 6, 6, '0015418438'),
(43, 'EVI KURNIASIH', 7.8, 5.8, 7.25, 5, '0023414147'),
(44, 'RIZKI INDAH WATI', 8.6, 5.4, 7.75, 4.25, '0015574922'),
(45, 'HERI DWIYANTO', 8, 5.6, 4.75, 6.5, '0021656132'),
(46, 'MUHAMMAD MAGHFUR', 7.6, 4.6, 5.5, 6.75, '0021654522'),
(47, 'INTAN SARI', 8, 4.2, 6, 6.5, '0015612597'),
(48, 'SHERLY ARYANTI', 8.6, 5, 5.75, 6, '0023277881'),
(49, 'YUNI NURLATIFAH SARI', 7.8, 5.2, 5.25, 6.75, '0021656223'),
(50, 'LINDA NUR FATIMATU ZAHRO', 7.8, 3.8, 7, 5.5, '0015611998'),
(51, 'DIMAS NUR ALIF', 7.4, 5.6, 6.25, 5.5, '0023413951'),
(52, 'ARIFATUL LAILINAH', 8, 5.4, 4.75, 6.75, '0016912733'),
(53, 'KHOIRUNNISA', 8.6, 4.4, 5, 6.5, '0023318719'),
(54, 'WULAN DWI SAFITRI', 7.8, 5.6, 4.5, 6.5, '0015575363'),
(55, 'LELA INDAWATI', 8.6, 8.4, 9.75, 9.25, '0021655898'),
(56, 'AISYAH NOVANI', 9.2, 7.6, 9.5, 9, '0015418204'),
(57, 'RAHMAT WIJAYA', 8.4, 6.6, 9.5, 9.5, '0021928805'),
(58, 'RANI APRIL LIYANI', 8.2, 7.8, 9.25, 8.75, '0021655500'),
(59, 'ARZETI TANZANIA', 9.8, 6.6, 9.75, 8, '0020491990'),
(60, 'ETIK ELIZA', 9, 8, 7.75, 8.5, '0015356898'),
(61, 'TEOFILUS GAGAH VESTIANNADA', 7.6, 7, 8, 8.25, '0017855188'),
(62, 'ZIDAN VIERI WIJAYA', 9, 7.6, 9, 8.25, '0021654541'),
(63, 'NADIA AGIL MAULADINA', 9, 6, 9.75, 7.75, '0021655554'),
(64, 'DIVA UMI HANIK', 8.6, 7.6, 8.25, 8.5, '0021654221'),
(65, 'LAFI', 6.4, 7.4, 8.75, 8, '0021654263'),
(66, 'PUTRI KARUNIA', 8.8, 6.6, 8.75, 8.75, '0021655559'),
(67, 'DWI ARIYANI', 9.4, 5.4, 9, 8.75, '0024274273'),
(68, 'FARRAS YUSATISTA', 7.6, 7.2, 8.5, 8.75, '0026670447'),
(69, 'DIAN AFRY ALFARIZI', 9, 7.2, 8.75, 8.25, '0021655432'),
(70, 'PUTRI ALVIANY DYAH PRAMESWARI', 7.8, 7.4, 9.25, 7.75, '0030130061'),
(71, 'KERTI AZIZAH', 8.8, 5.8, 9.25, 8.5, '0023411501'),
(72, 'CANDRA PRADANA ARIFANDI', 8.8, 7.2, 8.25, 8.75, '0016910863'),
(73, 'HANIN', 8.6, 7.4, 8.5, 8, '0021654247'),
(74, 'NABILAH RIFA''', 8.4, 6.6, 8.5, 8, ''),
(75, 'APRILAMITA PRAMESTI KIRANTI', 8.6, 7.6, 9.25, 7.5, '0027511102'),
(76, 'SAFIRA PUTRI MAHIRA', 9, 7.2, 8, 8.25, '0021654282'),
(77, 'HILDA LUTFIANA', 9, 7.6, 8.5, 8, '0021654733'),
(78, 'AJENG SANITAQUIN', 9.8, 6.2, 8.5, 7.75, '0023298901'),
(79, 'RANTIKA BINTANG THIFALLEA', 9, 7.4, 8, 8.5, '0021654551'),
(80, 'RISNA KHARISMA', 8.8, 7, 8.5, 8.25, '0017010148'),
(81, 'LINTANG NAWA WULAN', 8, 6.8, 9.25, 8, '0017011125'),
(82, 'HENY ANIDHAA', 8.4, 6.4, 9.25, 8, '0021654306'),
(83, 'RIFKI ILHAM AFRIANSYAH SURYONO', 8, 8.2, 8, 8.5, '0020245681'),
(84, 'NUR IKA SUKMAWATI', 8.8, 7.4, 8.5, 8, '0021654673'),
(85, 'EVEN EIDEN', 8.6, 8.4, 8.75, 6.75, '0020533933'),
(86, 'RIZKI WINARTI', 9, 7.4, 8, 8.25, '0021654223'),
(87, 'FADHILLAH PADMANABA FAUZI', 8.2, 7.6, 7.25, 8.75, '0021499856'),
(88, 'MUHAMMAD REZA IRFANDI', 8.6, 6.4, 8.5, 8.25, '0015574887'),
(89, 'RADEN AJENG WULANDARI', 8.4, 6.6, 9.25, 7.5, '0021654326'),
(90, 'HILAL HAIDAR ALIMIN', 8.4, 7.4, 8.25, 8, '0030112121'),
(91, 'NUR HANIFAH', 9, 7.2, 8.25, 7.75, '14492'),
(92, 'HEGA ANA PAMBUDI', 8.6, 8, 8.25, 7.5, '0026670384'),
(93, 'DILA TRINISA', 8.4, 6.6, 9, 7.5, '0023292017'),
(94, 'SALMA DIAH KURNIAWATI', 8, 7.4, 8.75, 7.5, '0021410005'),
(95, 'TANTI RATNA SARI', 9.4, 6.2, 8, 7.25, '0021655526'),
(96, 'WULAN PURIASIH', 9, 6.2, 9.75, 6.5, '0022171798'),
(97, 'RONI NAFIS HIDAYAT', 8.4, 5.8, 9.75, 6.5, '0021656427'),
(98, 'AMELIA RAHMAWATI', 9, 7.2, 8.5, 7.25, '0021474877'),
(99, 'DINI NOVI PUSPITASARI', 8.6, 8, 7.25, 8.25, ''),
(100, 'RIFKI ARDIANSYAH', 8.6, 7.4, 7.75, 8, '0021475084'),
(101, 'POETRI KINANTI', 8.2, 7.2, 7.25, 8.25, '0021654731'),
(102, 'NABILA KHAIRUNISA', 8.4, 7, 8.5, 7.5, '0021654908'),
(103, 'SITI ROBIAH', 8.4, 5.4, 8.5, 8.25, '0016998974'),
(104, 'SITI FAJAR SEPTIA', 9, 4.8, 9, 7.75, '0016917519'),
(105, 'PUSPITA WARIH AYUNINGTYAS', 8.4, 7.4, 8.5, 6.75, '0021655732'),
(106, 'MOH. RADJIN PANGESTU', 8.2, 7.6, 7, 8.25, '0022998686'),
(107, 'NATASYA KURNIAWATY KHASANAH', 7.8, 5.4, 8.25, 8.25, '0021654481'),
(108, 'AHADIAH NURUL IFADA', 7.8, 7.4, 8, 7.5, '0023319252'),
(109, 'HAFIIDH BUDI LEKSONO', 7.2, 7.2, 8.25, 7.25, '0021474952'),
(110, 'BRILLIANT DEANOVA', 7.6, 8.4, 7.5, 8, '0015576209'),
(111, 'IZZA FAUZIAH', 8.2, 7.2, 8.75, 7, '0019309498'),
(112, 'MUHAMAD IRFAN EDOWARDO', 7.4, 6, 8, 8.25, '0015574878'),
(113, 'SHABRINA RACHMADANI', 8.2, 7.2, 9.25, 6.5, '0026659339'),
(114, 'RELIX CHINTYA FIKA NURILAH', 8.6, 4.8, 8.5, 7.75, '0021655915'),
(115, 'M. AMRAN ABDU ROSYID', 8.6, 8.2, 8, 7, '0021399511'),
(116, 'DARMAWAN', 8.8, 8.4, 7.5, 7.25, '0015575547'),
(117, 'UNGGUL KUNCORO JATI', 9, 7.6, 6.5, 8, '0010025440'),
(118, 'DINDA AYU QOMARIYAH', 8.6, 6, 8.25, 7.75, '0026658266'),
(119, 'NADIFATUL A''YUN', 8.2, 7.8, 7, 7.75, '0021654556'),
(120, 'YAN NAUFAL HANDINI', 8.8, 7.6, 7.5, 7.5, '0021474842'),
(121, 'FIFKI FAQHIKHUDIN', 8.4, 5, 8.75, 7.75, '0023412105'),
(122, 'RIZQI NUR AFIYAH', 9, 5.8, 7.5, 8.25, '0021655550'),
(123, 'ROSYID AMIR SANIYASMORO', 8.6, 7.4, 7.5, 7.5, '0023319230'),
(124, 'EKA NURHIDAYATI HUSNA', 8.6, 7.4, 6.75, 8.25, '0021475096'),
(125, 'BAGAS DIAR SAPUTRA', 8.6, 5.8, 6.75, 8.5, '0021655731'),
(126, 'IVAN DIGNA PRADHANA', 7.8, 6.8, 7, 7, '0015356956'),
(127, 'RETNO PUJI WIJAYANTI', 9, 5.6, 7.75, 7.75, '0016911370'),
(128, 'LIA FADHILA', 8, 5.6, 8, 8, '0023278909'),
(129, 'ROFIKA LUTFIYYAH NABIILAH', 8.8, 5.2, 7.5, 7.75, '0016101290'),
(130, 'IIN ROHMANIAH', 8, 4, 8.25, 8.5, '0021654732'),
(131, 'KUSRIYAH MULANDARI', 9.2, 5.8, 8, 7.25, '0021474759'),
(132, 'ARUM DWI NANDA', 9, 5.4, 7.5, 8, '0017010155'),
(133, 'MAY SHELIAN STEGO', 8.6, 6.6, 7.5, 7.5, '0021510403'),
(134, 'VINA HADI KUSUMARINI', 7.6, 7.6, 7.5, 7, '0021654738'),
(135, 'MOHAMAD ALIF ARSYI ARDHI', 8.4, 5.8, 8.5, 7, '0020633773'),
(136, 'DIDAN SULAIMAN', 8.2, 5.4, 8, 7.75, '0021655551'),
(137, 'ZENDY FIRMANSYAH', 7.8, 7.8, 8.5, 6.25, '0021654543'),
(138, 'INTAN SURYANI', 8.6, 6.4, 8.25, 6.75, '0015357771'),
(139, 'KADEK DWI NOTARIAWAN PRIYANSYA', 7.8, 4.2, 8.75, 7.75, '0017231267'),
(140, 'NADHOFATUR RIZQI', 8.8, 6.2, 7.5, 7.5, '0021655778'),
(141, 'HANAN', 8.8, 6.6, 7.5, 6.75, '0021654248'),
(142, 'FITRIANI NANDA RIZQIATI', 7.2, 6.2, 8.5, 7.25, ''),
(143, 'DWI INDAH SAPUTRI', 8.6, 7.2, 7.25, 7.25, '0015575946'),
(144, 'KRISTANTO JAENURI', 8, 5.8, 8, 7.5, '0016915174'),
(145, 'LUTFIANA FEBRIANTI', 8.2, 6.6, 7.75, 7.25, '0021510150'),
(146, 'ALVITO FIRMANSYAH', 9, 7.8, 7, 6.5, '0021475111'),
(147, 'GILANG BAGUS PRAYOGI', 8.2, 6.6, 8, 7, '0021410731'),
(148, 'SALMA AULIA PUTRI', 8.6, 6.2, 7.25, 7.25, '0021654555'),
(149, 'INTAN ASYIFA MAULA', 8, 5.8, 7.75, 6.75, '0021695033'),
(150, 'HANGGARA ARSA PUTRA', 8.8, 7, 7.5, 6.5, '0020651284'),
(151, 'MUHAMMAD BACHRIL ATHOK', 8.6, 6.6, 7.5, 7.25, '0026385683'),
(152, 'IKHSAN MAULANA', 7.4, 5.8, 9, 6.75, '0023318554'),
(153, 'ILHAM YUSUF', 8, 7.2, 8, 6.75, '0021655515'),
(154, 'IBRAHIM YUSUF', 8, 5.6, 7.25, 8.25, '0015575949'),
(155, 'ULLUM DARMAWAN', 7, 7.6, 7.5, 7.5, '0026481687'),
(156, 'KIEMAL GRAVITA ZAHRA', 7.2, 7.4, 6.5, 8, '0021399932'),
(157, 'NAFI''ATUR RIZQIYAH', 8.2, 5.2, 7.75, 7.25, '0006338252'),
(158, 'PIPIT ADELLIA', 8, 5.4, 8.25, 6.75, '0015575048'),
(159, 'CAHAYA NENGGAR TRIE MEILITA', 7.2, 6.6, 7.75, 7.5, '0026654323'),
(160, 'NUR HIKMAHYATI', 8.4, 5.4, 8.75, 6.5, '0021499900'),
(161, 'NURUL LATIFAH', 9.2, 5, 6.75, 8.25, '005576211'),
(162, 'AN GITA KHUSNUL KHOTIMAH', 8.2, 7, 6.25, 7.75, '0021510400'),
(163, 'TYAS AKBAR SATRIO', 8.4, 6.8, 7, 7, '0021499865'),
(164, 'ILHAM KURNIAWAN', 8.8, 7.8, 7, 6.75, '0015357934'),
(165, 'MUGI HANDAYANI', 8.6, 7, 7.5, 6.75, '0021655916'),
(166, 'ROSSY PRATIWI', 8.6, 6.4, 7.5, 6.5, '0015574890'),
(167, 'HARIS DARMAWAN', 8.2, 6.6, 6.5, 7.5, '0017011511'),
(168, 'HARITS SAIFULLAH BASITH', 8.8, 8, 7, 6.5, '0021654609'),
(169, 'FARSYA ASHILA YUMNA', 8.2, 6.6, 7.75, 6.75, '0030118211'),
(170, 'NAJMAH ALIYAH NURHIDAYAH', 8.4, 6.8, 6.5, 7.75, '0016918086'),
(171, 'SHOFA INAS ARSYLLAH', 8.6, 7.6, 6.75, 7, '0024140314'),
(172, 'BERLIANA CINDY FEBRIANTI', 9.4, 8.2, 7, 6, '0026877843'),
(173, 'LAVENIA OLGA MUSTIKA SARISIH', 8, 6.6, 7.25, 7.25, '0021654230'),
(174, 'ALFIANA YULIA PUTRI', 8.4, 6.2, 7.75, 6.75, '0023411714'),
(175, 'TRI AYU SETYANINGSIH', 8.2, 6.2, 7.75, 6.75, '0017011755'),
(176, 'RIZQITA PRAMA ARTI', 8.4, 5, 7.75, 7.25, '0021655137'),
(177, 'DEDY SETIAWAN', 8, 6.4, 8, 6.5, ''),
(178, 'SELLY ADISTYA PRATIWI', 8.2, 6.6, 8.75, 5.5, '0026652395'),
(179, 'MERLINDA MA`MUROTUN', 8.2, 7, 7, 7, ''),
(180, 'GITA NAILA SYARIATIKA', 7.8, 5.4, 7.5, 7, '0015598061'),
(181, 'IKA ADITYANING YUDIAWATI', 8.4, 6.8, 7, 7, '0023291876'),
(182, 'MITA AMELIA', 8.8, 6.4, 7.5, 6.5, '0021654552'),
(183, 'MUFID MAKANTAR', 7.8, 6.8, 7.25, 7, '0016932719'),
(184, 'SALVANIA ZAIRA FEBRIANA', 8.4, 6.2, 6.5, 7.25, '0021654277'),
(185, 'ANTONIUS CARLOS WILLARDO SIMAR', 8.4, 6.2, 5.5, 7.75, '0021654232'),
(186, 'ARRUM MUKHLISH FATHONAH', 8, 7, 6.75, 7.25, '0021654325'),
(187, 'SUNY HENDY ANGGREANI', 7.8, 6.2, 6.75, 7.75, '0030119956'),
(188, 'VINA RIZQIANA NINGRUM', 8.2, 6.2, 7.5, 6.75, '0015575063'),
(189, 'DWI RISMALASARI', 8.2, 6.2, 6.5, 7.75, '0023278268'),
(190, 'TIO ADYA REFANGGA', 8.2, 5.2, 7.25, 7.5, '0027670309'),
(191, 'MUNASHIFAH YUNI HASTUTI', 7.8, 8, 6.5, 7, '0021655968'),
(192, 'ADITYA NUR HIDAYAT', 7.4, 6.4, 7, 7, '0021655909'),
(193, 'RIZKI AMALIA', 7.4, 6.6, 8, 5.5, '0021654484'),
(194, 'WAHYUNI PUTRI SUNU DEWI', 8.4, 5.8, 7, 7.25, '0023295521'),
(195, 'PANDJI ALAM', 7.4, 6.2, 7, 7.5, '0015576418'),
(196, 'DISKA AURA INKAPUTRI', 7, 6, 7, 7.25, '0022142234'),
(197, 'VERA ZALIYANTI', 8.6, 5.4, 7.25, 7, '0021654746'),
(198, 'AGELLA  FADIYAH', 8.4, 8, 7, 6, '0021654525'),
(199, 'ATHALIA DIAH RIZQULLAH', 7.8, 4.6, 8.25, 6.75, '0026659327'),
(200, 'MELIYADI FITRIYANI', 8.2, 4.2, 6.25, 8.75, ''),
(201, 'ANNA WHILLIYANTI', 8.4, 7.4, 8, 5.25, '0024422133'),
(202, 'DIVA KIRANA DEWI', 8.2, 4.8, 6.75, 6.75, '0016911153'),
(203, 'RIZKY CANDRA SAPUTRA', 8.4, 5.8, 7.75, 6.25, '0023299417'),
(204, 'MUHAMMAD SYAIFUL HUDA', 8, 7.2, 6.75, 6.75, '0023290618'),
(205, 'RORO EKA NURYANTI', 8.2, 5, 7.75, 6.75, '0021499802'),
(206, 'ADHIESTA NURWIDYA ASTHAKA', 8.6, 8, 6.5, 6.25, '0021655549'),
(207, 'MEILINDA WULANDARI', 8.2, 7.4, 5.5, 7.75, '0021654546'),
(208, 'TRIA FEBRIANA', 8.4, 5.6, 7, 7, '0021656461'),
(209, 'DIMAS ILHAM SATRIA', 8.2, 6.2, 7.25, 6.5, '0015612345'),
(210, 'MAYLYA ISNAENI', 8.8, 5.6, 7.5, 6.25, '0023295526'),
(211, 'SYARAFINA FILDZAH', 9, 5.4, 6, 6.75, '0021654990'),
(212, 'FADHILAH ALAWIYAH', 8.6, 5.8, 6, 7.25, '0021474838'),
(213, 'HUSEIN KAMAL', 8.2, 5.6, 7.5, 6.5, '0023277531'),
(214, 'RAMA INDAH YULI ASTUTI', 8.6, 6.6, 6.5, 6.75, '0016931544'),
(215, 'DEA RAHMA ANIN DITA', 8.4, 6.8, 6, 7.25, '0015576417'),
(216, 'ANINDA ALIEFATUL HIDAYAH', 9.4, 6.2, 6.25, 6.75, '0021654483'),
(217, 'ROFI LUTFIANI', 8.8, 8, 9, 8.5, '0021499785'),
(218, 'ENDAH MAULIDAH', 8.8, 7.4, 8.25, 7.75, '0021654320'),
(219, 'ISTIG FAROH', 8.4, 5.8, 8.75, 7.75, '0015575397'),
(220, 'CANTIKA MAHARANI', 8.4, 5.6, 7, 6.5, '0021499828'),
(221, 'INTAN MELIANA AGUSTIN', 9, 6.6, 5.5, 7, '0021654497'),
(222, 'WULAN NADZIFA', 8.6, 4.2, 7, 6, '0017011130'),
(223, 'ANJALI ROKHIM', 7.8, 3.6, 7, 6.5, '0016683505'),
(224, 'NABILA ABRORIYYAH', 8.8, 5.2, 5.5, 5.75, '0021510398'),
(225, 'WULAN NUR KHONISAH', 8.2, 6.6, 5.5, 5.5, '0015576268'),
(226, 'SITI KHOLILA', 8.2, 5.2, 6.25, 5.25, '0023414141'),
(227, 'DWI NOVITASARI', 7.8, 5, 6.25, 5.75, '0012337591'),
(228, 'YUSA ANASTASYA', 8.4, 4.6, 5.25, 5.75, '0016911150'),
(229, 'META FEBRIANTI', 8.8, 6, 4.5, 5.75, '0026658943'),
(230, 'ELOK FAEKOH', 7.2, 4.4, 6.5, 6, ''),
(231, 'CERRY TAMARA', 7.8, 6, 4.5, 6.5, '0023319139'),
(232, 'WAHYU INTAN KUSUMA', 8.2, 7.6, 9, 8, '0026659341'),
(233, 'ZAFILLY HAQUE PUTRI DOW', 8.4, 7.6, 7.25, 8.5, '0021410723'),
(234, 'TAQIY RIZQI JAGAD SAMUDRA', 8.2, 7.4, 7.75, 7.75, '0021654548'),
(235, 'DONI RAMADHAN', 8.6, 7, 7.25, 7.5, '0015451458'),
(236, 'YUNITA AYU WIDIAWATI', 8.4, 8, 7, 7, '0021399779'),
(237, 'RIZKA VIONI SHAUMITA', 8.2, 6, 6.25, 8.25, '0015356907'),
(238, 'RUBEN JULIANUS RIYADI', 8.4, 8.6, 7, 5, '023412890'),
(239, 'ARMANDO SATRIA NIRVANA', 8.4, 7.2, 6.75, 6, '0021654241'),
(240, 'DIAH PUJI LESTARI', 8.8, 4, 6.75, 7, '0006515608'),
(241, 'MICHELLA GIVANY', 8.8, 6, 5.75, 7, '0015574882'),
(242, 'BAYU AJI NUGROHO', 8.2, 6.4, 7, 6.25, '0021654564'),
(243, 'CHESSA TANIA ANGGRAENI', 8.2, 4, 8, 5.5, '0023293589'),
(244, 'NOVIKA NURSHENY RAHMADANI', 9, 7, 5.25, 6.25, '0015575050'),
(245, 'NADINE AISYA SHAKIRA', 7.8, 5.4, 8, 5.75, '0023414420'),
(246, 'PUTRI DWI UTAMI', 8.8, 5.4, 6.25, 7, '0021654594'),
(247, 'SITI AISYAH', 8.6, 6, 6, 7.25, '0015575940'),
(248, 'SALAM NORKHASANAH', 8.4, 5.6, 7.25, 5.5, '0016999395'),
(249, 'ALDILASE ADIB FARADIBA', 8.8, 5, 6.75, 5.25, '0020193427'),
(250, 'HESTI ENDRAWATI', 9, 5.6, 5.75, 7.25, '0021474774'),
(251, 'NIAFA AZZAHRAH', 8.8, 5.2, 6.75, 6, '0023293580'),
(252, 'MICHELLE AYU SILVIA', 7.4, 8, 6.5, 5.5, '0021654244'),
(253, 'ILHAM ASHARI ADINATA', 8.4, 6.2, 6, 6.25, '0015574891'),
(254, 'PRAMESTINING TYAS', 7.8, 7.4, 6, 7.25, '0021399899'),
(255, 'RIZKI ZAHROH SYAFAQOH', 7.6, 5.8, 7.25, 6.75, '0021656131'),
(256, 'BAGUS FAHMI ARDIANSYAH', 7.8, 7.8, 5.75, 7.25, '0026652403'),
(257, 'ROSSY PUSPITA ANGGRAENI', 8.2, 5.2, 6.75, 7, '0027657672'),
(258, 'ELSA NUR HANDAYANI', 8.2, 5.8, 7, 5.75, '0016939107'),
(259, 'SANTI ISNAENI', 7.6, 7, 5.5, 6.5, '0021399837'),
(260, 'TITIARTI NABILLA', 6.6, 6.4, 7.5, 7.25, '0020637112'),
(261, 'AYU SETIA RINI', 7.8, 7, 6.75, 5.75, '0026637714'),
(262, 'RISQI AMALIA LAELATUL IZZAH', 8.4, 7.2, 5.25, 7.25, '0010026217'),
(263, 'FADILLA JULIA ROSSA', 7.2, 4.8, 7, 7.5, '0021711981'),
(264, 'CANDRA TRI BUANA', 7, 8.2, 6.25, 7, '0023411473'),
(265, 'ERFINA AULIA NOVANI', 8.2, 5.2, 6.25, 7.5, '0021399841'),
(266, 'TRIXIE IGNACIA MICHAELA', 8.2, 6.2, 6.75, 5.5, '0021654240'),
(267, 'ISNA AZMIAZIS', 8, 6, 6.25, 6, '0021410195'),
(268, 'BAIQ NADIA PUTRI HANIFAH', 8.2, 6.8, 6, 6.25, '0013061096'),
(269, 'MUHAMMAD FAIZ NAUFAL', 8.2, 6.8, 5.75, 6.75, ''),
(270, 'AULIA MEILINDA', 8.4, 4.6, 7, 6, '14470'),
(271, 'VIOLA LARASITO', 8.2, 6, 6.25, 6.5, '0021711988'),
(272, 'ELISA  DYAH KUSUMA DAMAYANTI', 8.6, 6.4, 5.25, 6.25, '0021474775'),
(273, 'SIANNY GUNAWAN', 7.8, 5.4, 7.25, 5.75, '0015574968'),
(274, 'RISKA AULIA PRATIWI', 8.4, 4.8, 5.75, 7, '0021654329'),
(275, 'BIAS SAFANA', 8.4, 6, 6, 6.25, '0017569083'),
(276, 'KUKUH ADI NUGROHO', 6.8, 5.4, 6.5, 7, '0021655972'),
(277, 'TINA SUKMAWATI', 8, 5.2, 7.5, 4.75, '0026658957'),
(278, 'M. IRFAN SYAH', 8.2, 5.2, 6.75, 5.75, '0023414223'),
(279, 'MUFTIARANI', 8.2, 4.2, 7.25, 5.75, '0021410727'),
(280, 'GALANG WAHYU RAMADHAN', 7.8, 6.2, 6.75, 4.5, '0021654275'),
(281, 'ALIFFATUL HIDAYAT', 7.8, 6.4, 6.5, 5.75, '0026670453'),
(282, 'HANIFA SETYA NINGRUM', 8.2, 5, 6, 7.25, '0010026350'),
(283, 'NURSAVITA PURWATITISARI', 8.4, 5.6, 5.75, 6.75, '0015451252'),
(284, 'INDRA SETYAWATI', 7.8, 6, 6.5, 6, '0021655809'),
(285, 'NANDA SEFIRA DIVA PUTRI', 8.2, 5.2, 5.5, 6.25, '021654250'),
(286, 'NOUVAN KUSUMA RAMADHAN', 7.4, 4.2, 7, 6.5, '0015451459'),
(287, 'IQMAL BAHRUDIN', 8.2, 5.6, 5.5, 7.5, ''),
(288, 'ABDU MALIK ARDIANSYAH', 8.4, 5, 6, 6.5, '0017011997'),
(289, 'WINATA PRASETIO', 6.6, 5.6, 6.75, 6, '0021655524'),
(290, 'ISNA WIDA KHAFIDHO', 8, 4.6, 6.25, 6, '0016910865'),
(291, 'SALSABILAH JANNAH', 7, 5.6, 7, 5.5, '0021654276'),
(292, 'FITA FATMAWATI', 7.6, 5.4, 6.75, 6, '0021654841'),
(293, 'MUHAMAD REZA FAHMI', 6.8, 8.2, 6.25, 5.75, '0015576952'),
(294, 'PIPIT SEPTIYANI', 8.8, 3.6, 6.25, 6.25, '002413997'),
(295, 'FITRI YULIANTI', 7.6, 5.2, 6, 7.25, '0021654744'),
(296, 'RIYANI', 8.2, 5, 6, 6.25, '0034962793'),
(297, 'RAIHAN KAUTSAR', 7.6, 4.6, 7, 4.75, '0021655739'),
(298, 'WISNU WARDANA', 8.8, 6.4, 5.75, 4, '0019124060'),
(299, 'DEVI DWI LESTARI', 8, 3.8, 5.75, 6, ''),
(300, 'MUHAMMAD IRFAN ROSYID', 8.2, 4.6, 5.5, 6.25, '0015575024'),
(301, 'MUHAMMAD IMAM BUKHARI', 7.8, 4.6, 6.25, 5.5, '0015575034'),
(302, 'FIRGIAWAN AL-HAQ', 7.6, 8, 5, 6, '0021474990'),
(303, 'NADELLA PUTRI ALFIYANI', 8.4, 4.4, 6.25, 5.5, '0024259458'),
(304, 'KHOLIFATUL HIKMAH', 7.4, 6.2, 5.75, 6.5, '0021654834'),
(305, 'GAYATRI LAKSMI MAHESWARI', 8, 8, 5, 5, '0027657656'),
(306, 'SITI ZACHRATUN NIKMAH', 9, 4, 4.5, 6, '0023067432'),
(307, 'NINDYA PUSPITA DEWANTI', 8, 5, 5.75, 5.5, '0023290626'),
(308, 'SENO AJI NANDA UTOMO', 8, 6.2, 5, 6.75, '0015575101'),
(309, 'RIZKI AYU WULANDARI', 8.4, 5.4, 5, 6.75, '0021655729'),
(310, 'FANNY MAULANA RIZKY SAPUTRA', 7.8, 4.8, 6.25, 6, '0021410269'),
(311, 'ALFAN KASYFIL AZIZ', 7.6, 6.4, 5, 5.5, '0021655504'),
(312, 'UMI SAIDAH', 7.6, 5.6, 6.25, 5.5, '0021656137'),
(313, 'ARIF KHAFIFUDIN', 8.6, 6.8, 4.75, 5.25, '0016911146'),
(314, 'FAJAR PRASETYO', 8.4, 6.2, 4.5, 6.75, '0012258537'),
(315, 'NOVITA NURFADILLAH', 8.4, 6.2, 5, 5.75, '0015576262'),
(316, 'DEVITASARI AYUNINGTYAS', 8.4, 4.2, 5.5, 6.75, '0010622764'),
(317, 'TIKA INDAH SARI', 8.2, 5, 5.25, 6.75, '0023291887'),
(318, 'HAPPY RAMADHANI ARIO SETIYONO', 7.4, 5.6, 5.75, 5.75, '0016996886'),
(319, 'MUHAMMAD RIZQI RIYADI', 7.8, 5, 5, 7, '0015574925'),
(320, 'KURNIA ARDIANSYAH', 7.4, 4, 7, 5.75, '0023278042'),
(321, 'ISTI SETYOWATI', 7.8, 3.6, 5, 7.25, '0015576901'),
(322, 'NAFIATUL AYU NAZILAH', 7.8, 4.6, 5.75, 6.75, '0021654741'),
(323, 'SEKAR DWI FEBRIYANTI', 8, 6.4, 4.5, 6, '0023414148'),
(324, 'FIKRI AZZAQI', 6.4, 6, 6.5, 6.5, '0023412927'),
(325, 'DIAS ANNISAA PANGESTI', 8, 5.8, 4.25, 7, '0021410389'),
(326, 'RISMA PANCA WATI', 8.8, 3.2, 5.5, 4.5, '0021656013'),
(327, 'ANNISA SEPTI KHORIASIH', 8.4, 4.2, 5, 7.25, '0012391456'),
(328, 'NEISKA SYIFA ATFINIA', 8.6, 4.8, 4.75, 6.75, '0015418421'),
(329, 'VENISA TIARNO', 7.4, 6.8, 4.75, 6, '0015574873'),
(330, 'DWIHANA PUTRI AZZAHROH', 7.8, 5.2, 5.75, 5.75, '0021654739'),
(331, 'NOVITA UMI NURHIDAYAH', 7.2, 6.4, 4.75, 6.75, '0021655702'),
(332, 'SILVI LISMA WANTI', 9, 5.2, 3.75, 7.25, '0021656118'),
(333, 'TRI SEPTI ANI', 8.2, 5, 5, 6.5, '0015576065'),
(334, 'MIRA AGATA', 7.2, 4.2, 7, 5.25, '0021654627'),
(335, 'NINDIANA OKTA AULIYA', 8, 4.8, 5.25, 6.5, '0017011001'),
(336, 'LIYA FITRIYANI', 7.2, 5.4, 6.25, 5.5, '0021655494'),
(337, 'DEFITA SULISTYANINGRUM', 8.2, 3.6, 5.5, 4.75, '0015574903'),
(338, 'LUQMAN HARUN AL-ROSHID', 7.6, 3.8, 4.75, 7, '0020245215'),
(339, 'FEBBY WAHYUNINGSIH', 8, 5, 6, 4.75, '0030118273'),
(340, 'JUSTIKA RINI EKA PERTIWI', 8, 4.2, 4.75, 5.5, '0015357386'),
(341, 'MELVY AYU UTOMO', 8, 5.4, 5.25, 5.75, '0023413540'),
(342, 'LINTANG PRAMESTI', 8.6, 4.4, 5, 5, '0021693796'),
(343, 'DESTI AYU PANGESTI', 9.2, 4.4, 4.5, 5.75, '0015576214'),
(344, 'ILUL MAGHFIROH', 7.4, 5, 6.25, 5.25, '0023318730'),
(345, 'NATASHA RARA ANGGRAENI', 7.8, 4.4, 5.75, 6, '0012075527'),
(346, 'ZERGIE ABDULLAH FAIQ', 7.2, 5.6, 5.5, 6.5, '0015451089'),
(347, 'DIAH EKA PRIYANTI', 7.8, 4.8, 5.75, 5.5, '0021654838'),
(348, 'PUTIK INTAN SETIYANI', 7.6, 5.4, 5.5, 5.75, '0021656453'),
(349, 'CANDRA ADHITYA', 7.4, 6.2, 4.75, 5.75, '0017766982'),
(350, 'WAFIQ AZIZAH', 8.4, 4.4, 5.25, 5.5, '0021655510'),
(351, 'WAHYU PERMATA SAKTI', 8.2, 4, 4.75, 6.25, ''),
(352, 'SILVIANA PUTRI', 7, 4.2, 6.5, 5.75, '0023413424'),
(353, 'HERY ALMA ARIFKI', 7.6, 3.8, 6, 5.75, '0006354009'),
(354, 'KUSWENI AMBAR ASIH', 6.6, 4.6, 6, 4.75, '0001342481'),
(355, 'BERLIANA BARKAH', 8, 3.8, 4.75, 6.25, '0021654425'),
(356, 'INTAN AYU CHUSNIYAWATI', 8.4, 3.8, 3.75, 7.25, '0021654214'),
(357, 'LOLITA EKA DWI PRATIWI', 7.6, 6.6, 4.5, 5.5, '0023413537'),
(358, 'NURFALAH OCTAVIANI', 7.2, 5.4, 6.25, 4, '20324294'),
(359, 'RIZKY FIRMANSYAH', 8.6, 4, 4.5, 6, '0017010154'),
(360, 'DEVI YANTI', 6.8, 4.6, 6.25, 5.5, '0015973731'),
(361, 'MEGA AYU ESTI NINGSIH', 8, 6.4, 5.75, 6, '0021654991'),
(362, 'ARVIA RAHMA ASIFATUL ZAHRA', 8, 5.4, 5.75, 5.5, '0015574921'),
(363, 'RISQI ZAKIYAH', 8.8, 6.4, 6.75, 6.25, '20324300'),
(364, 'SYIVA AULIA RAHMAH', 8.2, 6.2, 7, 5.25, '0015575022'),
(365, 'AFIKA KHOIRUN NISA', 8.4, 6.6, 5.75, 6, '0021655922'),
(366, 'ALVIA NUR FITRIANI', 8.4, 7.2, 4.5, 5.75, '0017349539'),
(367, 'ROSIANA AL SABAAH', 8, 7, 5, 5.5, '0023077308'),
(368, 'LAILA ROSAYANTI', 8, 6.6, 3.5, 5.25, '0021695793'),
(369, 'DIFFA AULIA ASTININGSIH', 7.8, 6.2, 2.75, 6.5, ''),
(370, 'RINDI PRAMESWARI', 8.8, 4.8, 6, 5.25, ''),
(371, 'AYU VALLERINA PRIYADI', 7.8, 6.4, 3.25, 5.75, ''),
(372, 'DETA KURNIAWATI', 8, 4.4, 5.5, 6, '0012230911'),
(373, 'MUH. ARSYI FADHLI', 7.6, 5.6, 4.5, 5, '0021654482'),
(374, 'ANNISA RISKA YANTI', 7.6, 6.2, 3.75, 6.25, '0021510391'),
(375, 'SELVIA DEWI SAGITA', 7.4, 6.2, 4.5, 5.75, '0021656055'),
(376, 'SHINTA', 7.8, 5.8, 4.75, 5.25, ''),
(377, 'SULISTYOWATI', 6.4, 6.8, 5.5, 5.25, '0022695802'),
(378, 'FATIMAH AZZAHRA', 8.2, 6, 4.25, 4.5, '0014061119'),
(379, 'ZAKY FIRMANSYAH', 8.4, 5.2, 5.5, 4.25, '0021433455'),
(380, 'INTI AISHA', 8.6, 5.2, 4.25, 5, '0021654629'),
(381, 'AZZAHRA WULAN SARI', 8.6, 5.8, 3.5, 4.5, '0015575533'),
(382, 'PUTRI RAGILLIYA', 7.6, 5.8, 5, 5, '0015575099'),
(383, 'WITA PUTRI SAGITA', 7.2, 5.4, 4.75, 4.75, '0021654570'),
(384, 'KHUMALA AZZAHRHA', 8, 5.2, 5.25, 4.75, '0021654420'),
(385, 'RIZQON KHAERUL ANAM', 8.2, 4.6, 4.5, 5.75, '0015450949'),
(386, 'ABDULLAH', 7.2, 5.2, 4.5, 6.5, '0012194959'),
(387, 'PUTRI MILA HUDIANA', 7, 4.4, 7.25, 4.75, '0021474622'),
(388, 'NUR KHOLIFAH', 8.8, 4.6, 4.5, 4.5, '0030118254'),
(389, 'DESTI RAHMAWATI', 8, 5, 5.25, 4.5, '0021655021'),
(390, 'DIYAN LARASATI', 8.4, 4.4, 4.25, 4.75, '0026670444'),
(391, 'MURTONO', 6.6, 3.6, 7.5, 5.5, '0021655804'),
(392, 'MADHU FRISTY DANOV', 8, 4.4, 4.75, 5.75, '0015597898'),
(393, 'FIRDA FAUZU MARNIS', 8.2, 4.4, 4.75, 5.25, '0021654835'),
(394, 'MUHAMMAD FAJRI MAULANA', 6.6, 4.8, 2.5, 2.75, '0015418180'),
(395, 'ALFIN FAJAR FITRIAN HIDAYAT', 6.8, 5.8, 4.25, 5.5, '0015612351'),
(396, 'MELINDA FADYAH ZAHRA', 7.4, 4.4, 5.25, 6, '0023453314');

-- --------------------------------------------------------

--
-- Struktur dari tabel `db_penjurusan`
--

CREATE TABLE IF NOT EXISTS `db_penjurusan` (
  `id` int(10) NOT NULL AUTO_INCREMENT,
  `nama` varchar(30) NOT NULL,
  `ind` double NOT NULL,
  `ing` double NOT NULL,
  `mtk` double NOT NULL,
  `ipa` double NOT NULL,
  `nis` varchar(10) NOT NULL,
  `dm1` double NOT NULL,
  `dm2` double NOT NULL,
  `dm3` double NOT NULL,
  `status` varchar(10) NOT NULL,
  PRIMARY KEY (`id`)
) ENGINE=InnoDB  DEFAULT CHARSET=latin1 AUTO_INCREMENT=397 ;

--
-- Dumping data untuk tabel `db_penjurusan`
--

INSERT INTO `db_penjurusan` (`id`, `nama`, `ind`, `ing`, `mtk`, `ipa`, `nis`, `dm1`, `dm2`, `dm3`, `status`) VALUES
(1, 'ROMZANAH', 9.2, 7, 9.75, 8, '0015575951', 1.4038355079659, 3.1016581407993, 5.2911430154303, 'C1'),
(2, 'DIA AWALLIYAH', 9.4, 5.8, 9.5, 9.25, '0029856079', 2.2244973684021, 3.5906388106492, 5.5075986953779, 'C1'),
(3, 'MELIA DIANA', 8.6, 7, 9.75, 8.25, '20324275', 1.3007757586479, 3.0666571028547, 5.2950131064514, 'C1'),
(4, 'HESTIA GITA REZAYI', 9.4, 7.8, 9.5, 7.5, '0015733887', 1.5772667061908, 3.1300438092825, 5.2994564464126, 'C1'),
(5, 'YULIA RAHMAWATI', 9, 7, 8.25, 8.5, '0021654323', 0.77577664455888, 2.2729938783693, 4.3748668226426, 'C1'),
(6, 'NISA ARDIYANTI', 9.2, 7.2, 9, 8, '0019560563', 0.83319978118175, 2.5800879316812, 4.7759552794708, 'C1'),
(7, 'ISNAENI', 9.2, 7.6, 8.75, 7.75, '0023414860', 0.91550347161773, 2.4941523696237, 4.6747062028759, 'C1'),
(8, 'RISKA ERA WULANDARI', 8.4, 7.4, 8.25, 8.25, '0030111237', 0.6112532024553, 2.1346863438194, 4.3209842969039, 'C1'),
(9, 'ALYA SAFITRI', 9.2, 6.8, 7.25, 9, '0015575100', 1.7878025630347, 2.4513394856014, 4.1312815114373, 'C1'),
(10, 'HAFID MUSTAKIM', 8.8, 7.2, 8.75, 7.5, '0021474995', 0.56148932532871, 2.0603773968034, 4.2921385011598, 'C1'),
(11, 'RISMA ANINDA', 9.4, 5.6, 9.5, 6.75, '0021655774', 2.229591154017, 2.7056910377235, 4.4265245486504, 'C1'),
(12, 'IMELDA DWI OKTAVIANA', 9, 5.2, 8.25, 8.25, '0015597766', 1.8985779466346, 2.2091798319917, 3.8241473001183, 'C1'),
(13, 'VITA NUR FAUZIAH', 9.2, 5.8, 8.75, 7.25, '0023295518', 1.5227226408485, 1.9707218882552, 3.84856460408, 'C1'),
(14, 'LIVIA NUR AINI', 8.6, 6.8, 9, 6.75, '0021655028', 1.2716517681533, 1.963789479507, 4.0720597490966, 'C1'),
(15, 'WULAN OKTAVIANI', 8.8, 7.4, 8, 7.25, '0021474840', 0.93888594706592, 1.6111175900763, 3.7516577544247, 'C1'),
(16, 'NANDA UTAMI', 8, 6.4, 8.5, 7.25, '0021655681', 1.0549429705251, 1.4147555344958, 3.5866775202444, 'C1'),
(17, 'ALDI WIDODO', 9.2, 7.2, 7.5, 7.25, '0038755360', 1.3599499295361, 1.4961899961027, 3.4184827543385, 'C1'),
(18, 'SUCI WIDYASARI', 8.4, 6.2, 7.25, 8.25, '0015575387', 1.5324014269851, 1.4259818540317, 3.181882254554, 'C2'),
(19, 'KHALIMAH', 7.2, 5.4, 9, 7.5, '0015575220', 2.2048885920423, 2.3352499216884, 4.0217715985234, 'C1'),
(20, 'RISKI MAULANA', 8.2, 5.2, 8.5, 7.5, '0016913666', 1.8816105958729, 1.809198687003, 3.4901056240291, 'C2'),
(21, 'NUR KHOFIFAH', 9, 5.4, 7.75, 7.75, '0021711633', 1.8227582620339, 1.5869341969545, 3.1573616367111, 'C2'),
(22, 'LAILI ROSIYANTI', 9.2, 6.2, 7.25, 7.75, '0021695794', 1.6155748482862, 1.3634284244288, 3.0480651588274, 'C2'),
(23, 'MAR`ATUN SOLIKHAH', 9, 6.2, 7.5, 7.5, '0021692760', 1.4058351300902, 1.0980144746264, 2.9949425377283, 'C2'),
(24, 'ADILLA YULIANI NOER FIRDAUS', 8.4, 5.8, 8.75, 6.5, '0027753854', 1.8696792157974, 1.6891132985111, 3.4734371792661, 'C2'),
(25, 'DWI MIFTA HUROENI', 8, 4.2, 8.25, 6.75, '0015418451', 3.0910513129755, 2.312527453326, 3.1291835433275, 'C2'),
(26, 'VIGI AYU OKTAVIANI', 8.4, 7, 7, 7.25, '0017010999', 1.6417933232358, 0.90973785563553, 2.7940845898882, 'C2'),
(27, 'MUHAMMAD ILHAM AINALYAQIN', 8.4, 6.8, 8.25, 6, '0021475094', 1.9348255302095, 1.4992181353153, 3.2916308823316, 'C2'),
(28, 'FERA NUR AZZAH', 8.2, 5.8, 7.75, 7, '0021655491', 1.7174003059407, 0.74232907336021, 2.6683080555147, 'C2'),
(29, 'UMI AINUN MAGHFUROH', 7.4, 6, 7.25, 7.75, '0023277866', 1.9892659109854, 1.2253575686731, 2.8038519158827, 'C2'),
(30, 'HEPPY INDAH SEPTIANI', 8.2, 5.2, 7.5, 7.5, '0021655485', 2.1295732179043, 1.2687546455449, 2.6452152648682, 'C2'),
(31, 'DIAH NOVIANTI', 8.6, 7.2, 6.25, 6.5, '9995716319', 2.6556698007123, 1.4376221970187, 2.3389348384348, 'C2'),
(32, 'PUTRI IKA SAFIRA', 8.6, 6.2, 6.75, 7.25, '0015575359', 2.0290302636593, 0.71640208007467, 2.2397811455151, 'C2'),
(33, 'BAGAS ARYA SAPUTRA', 8, 6.6, 8, 5.5, '0021654547', 2.5494309599296, 1.6322651845344, 2.9763616082966, 'C2'),
(34, 'NURUL KHAIRUNISA', 8.6, 5.8, 7.25, 5.75, '0021692758', 2.7606638488077, 1.2491899495589, 2.0345536845832, 'C2'),
(35, 'URFI FESTIANI', 8.6, 5.2, 7.25, 5.75, '0021510151', 3.0694079048106, 1.5622021412349, 1.9411285696786, 'C2'),
(36, 'SITI FARIATUN ISMA', 7.4, 5.4, 7, 6.5, '0021474858', 2.8534503438134, 1.2074798471863, 1.8197201665549, 'C2'),
(37, 'RATNA MARSELENA', 9.2, 6.4, 5, 6.75, '0015576609', 3.7824014309746, 2.4012939656706, 1.9479372977227, 'C3'),
(38, 'SHELVIA FEBBY VIOLA', 7.2, 6.4, 7.25, 5.5, '0021474848', 3.0930204717722, 1.6762943385832, 2.3782755117388, 'C2'),
(39, 'DWI RETNO RUKILASEH', 7.8, 5, 5.75, 7.25, '0015575978', 3.545461485361, 1.9614296569874, 1.4271018112961, 'C3'),
(40, 'NURUL QONITA', 8.2, 5, 5.5, 7.25, '0021655085', 3.6806382896785, 2.1142665314421, 1.3874205946054, 'C3'),
(41, 'VANTI IFROKAH', 8.4, 4.4, 6.25, 6.5, '0021655896', 3.7151392315457, 2.0899242145079, 1.3634205140646, 'C3'),
(42, 'SHAFIRA FILLYANTI', 8.6, 5.6, 6, 6, '0015418438', 3.4364626636706, 1.6272699780187, 0.94052047477882, 'C3'),
(43, 'EVI KURNIASIH', 7.8, 5.8, 7.25, 5, '0023414147', 3.4652966705819, 1.9338651722491, 2.1453962389222, 'C2'),
(44, 'RIZKI INDAH WATI', 8.6, 5.4, 7.75, 4.25, '0015574922', 4.0553133000279, 2.8156205567907, 2.9295388393222, 'C2'),
(45, 'HERI DWIYANTO', 8, 5.6, 4.75, 6.5, '0021656132', 4.2770959578142, 2.5300808017556, 0.9846459988595, 'C3'),
(46, 'MUHAMMAD MAGHFUR', 7.6, 4.6, 5.5, 6.75, '0021654522', 4.1251264358708, 2.4089033342309, 1.1202999423177, 'C3'),
(47, 'INTAN SARI', 8, 4.2, 6, 6.5, '0015612597', 4.0457101060825, 2.3772818763921, 1.3038224239282, 'C3'),
(48, 'SHERLY ARYANTI', 8.6, 5, 5.75, 6, '0023277881', 3.8936398848354, 2.1011049942222, 0.72092428499994, 'C3'),
(49, 'YUNI NURLATIFAH SARI', 7.8, 5.2, 5.25, 6.75, '0021656223', 3.9633504269171, 2.2147439840068, 0.89523712600489, 'C3'),
(50, 'LINDA NUR FATIMATU ZAHRO', 7.8, 3.8, 7, 5.5, '0015611998', 4.3409560346445, 2.811023609863, 2.1594800933749, 'C3'),
(51, 'DIMAS NUR ALIF', 7.4, 5.6, 6.25, 5.5, '0023413951', 3.7618774402366, 1.9145431648513, 1.1813763972797, 'C3'),
(52, 'ARIFATUL LAILINAH', 8, 5.4, 4.75, 6.75, '0016912733', 4.2726784357293, 2.5662556064763, 1.1008131757169, 'C3'),
(53, 'KHOIRUNNISA', 8.6, 4.4, 5, 6.5, '0023318719', 4.5774842064509, 2.8899130306898, 1.2309309519125, 'C3'),
(54, 'WULAN DWI SAFITRI', 7.8, 5.6, 4.5, 6.5, '0015575363', 4.5276244506014, 2.7905738573196, 1.1843741084574, 'C3'),
(55, 'LELA INDAWATI', 8.6, 8.4, 9.75, 9.25, '0021655898', 2.3132103893656, 4.1623496990592, 6.3857745167242, 'C1'),
(56, 'AISYAH NOVANI', 9.2, 7.6, 9.5, 9, '0015418204', 1.7221599166707, 3.6036121325517, 5.7994387942373, 'C1'),
(57, 'RAHMAT WIJAYA', 8.4, 6.6, 9.5, 9.5, '0021928805', 1.9375259537869, 3.5605019657385, 5.6478417274605, 'C1'),
(58, 'RANI APRIL LIYANI', 8.2, 7.8, 9.25, 8.75, '0021655500', 1.4381052140035, 3.2287909369754, 5.4562783397936, 'C1'),
(59, 'ARZETI TANZANIA', 9.8, 6.6, 9.75, 8, '0020491990', 1.8004782351812, 3.2777847650473, 5.3388835352472, 'C1'),
(60, 'ETIK ELIZA', 9, 8, 7.75, 8.5, '0015356898', 1.4488413405891, 2.6207067243793, 4.6007250081061, 'C1'),
(61, 'TEOFILUS GAGAH VESTIANNADA', 7.6, 7, 8, 8.25, '0017855188', 1.1482578407787, 1.8980576824681, 3.9637606501111, 'C1'),
(62, 'ZIDAN VIERI WIJAYA', 9, 7.6, 9, 8.25, '0021654541', 0.95714705114306, 2.804562654662, 5.0254424641774, 'C1'),
(63, 'NADIA AGIL MAULADINA', 9, 6, 9.75, 7.75, '0021655554', 1.6652928781403, 2.8644865547575, 4.8936395469199, 'C1'),
(64, 'DIVA UMI HANIK', 8.6, 7.6, 8.25, 8.5, '0021654221', 0.88384627676577, 2.440331764294, 4.5863006435918, 'C1'),
(65, 'LAFI', 6.4, 7.4, 8.75, 8, '0021654263', 2.2272991851809, 2.8967534686756, 4.8023949369898, 'C1'),
(66, 'PUTRI KARUNIA', 8.8, 6.6, 8.75, 8.75, '0021655559', 0.99821148883219, 2.5788143055262, 4.6852301421133, 'C1'),
(67, 'DWI ARIYANI', 9.4, 5.4, 9, 8.75, '0024274273', 2.053347998853, 3.0266436334536, 4.8017751665267, 'C1'),
(68, 'FARRAS YUSATISTA', 7.6, 7.2, 8.5, 8.75, '0026670447', 1.307916895886, 2.5861306393771, 4.682327157196, 'C1'),
(69, 'DIAN AFRY ALFARIZI', 9, 7.2, 8.75, 8.25, '0021655432', 0.63818993371123, 2.4655370542696, 4.6641220551987, 'C1'),
(70, 'PUTRI ALVIANY DYAH PRAMESWARI', 7.8, 7.4, 9.25, 7.75, '0030130061', 1.1612823575991, 2.5819320219511, 4.8096084939961, 'C1'),
(71, 'KERTI AZIZAH', 8.8, 5.8, 9.25, 8.5, '0023411501', 1.5546328073484, 2.764836646879, 4.7499377570081, 'C1'),
(72, 'CANDRA PRADANA ARIFANDI', 8.8, 7.2, 8.25, 8.75, '0016910863', 0.93473953826377, 2.4735707900029, 4.5728517711928, 'C1'),
(73, 'HANIN', 8.6, 7.4, 8.5, 8, '0021654247', 0.41299632127033, 2.1551952477026, 4.3859570882311, 'C1'),
(74, 'NABILAH RIFA''', 8.4, 6.6, 8.5, 8, '', 0.44748562070491, 1.8145409511533, 4.017836997394, 'C1'),
(75, 'APRILAMITA PRAMESTI KIRANTI', 8.6, 7.6, 9.25, 7.5, '0027511102', 1.0428978156348, 2.6085586238729, 4.8480451058661, 'C1'),
(76, 'SAFIRA PUTRI MAHIRA', 9, 7.2, 8, 8.25, '0021654282', 0.76860531706841, 2.0661018397287, 4.1597811773879, 'C1'),
(77, 'HILDA LUTFIANA', 9, 7.6, 8.5, 8, '0021654733', 0.74243593843048, 2.3754610654921, 4.560390750527, 'C1'),
(78, 'AJENG SANITAQUIN', 9.8, 6.2, 8.5, 7.75, '0023298901', 1.4714857330121, 2.2809399528573, 4.1536604447173, 'C1'),
(79, 'RANTIKA BINTANG THIFALLEA', 9, 7.4, 8, 8.5, '0021654551', 0.97364537498081, 2.3369786305875, 4.4032556587293, 'C1'),
(80, 'RISNA KHARISMA', 8.8, 7, 8.5, 8.25, '0017010148', 0.41607658528651, 2.1721417746209, 4.3615867878211, 'C1'),
(81, 'LINTANG NAWA WULAN', 8, 6.8, 9.25, 8, '0017011125', 0.97269238586094, 2.4552066374631, 4.6680128609078, 'C1'),
(82, 'HENY ANIDHAA', 8.4, 6.4, 9.25, 8, '0021654306', 0.98324749620946, 2.39707912898, 4.5628346141252, 'C1'),
(83, 'RIFKI ILHAM AFRIANSYAH SURYONO', 8, 8.2, 8, 8.5, '0020245681', 1.5415487060083, 2.7092306395514, 4.7510063940891, 'C1'),
(84, 'NUR IKA SUKMAWATI', 8.8, 7.4, 8.5, 8, '0021654673', 0.46998781051, 2.2023867919512, 4.4175770425363, 'C1'),
(85, 'EVEN EIDEN', 8.6, 8.4, 8.75, 6.75, '0020533933', 1.8298235252138, 2.7159596956767, 4.7496029753383, 'C1'),
(86, 'RIZKI WINARTI', 9, 7.4, 8, 8.25, '0021654223', 0.84306235441148, 2.1668972007912, 4.2599987051125, 'C1'),
(87, 'FADHILLAH PADMANABA FAUZI', 8.2, 7.6, 7.25, 8.75, '0021499856', 1.6665515048663, 2.3476586572806, 4.1713087704839, 'C1'),
(88, 'MUHAMMAD REZA IRFANDI', 8.6, 6.4, 8.5, 8.25, '0015574887', 0.69483605561205, 1.9881043391664, 4.1150508367854, 'C1'),
(89, 'RADEN AJENG WULANDARI', 8.4, 6.6, 9.25, 7.5, '0021654326', 0.9577647274831, 2.2238713396254, 4.4143092758127, 'C1'),
(90, 'HILAL HAIDAR ALIMIN', 8.4, 7.4, 8.25, 8, '0030112121', 0.51127223151288, 1.9788532400013, 4.1898489072422, 'C1'),
(91, 'NUR HANIFAH', 9, 7.2, 8.25, 7.75, '14492', 0.55239103346808, 1.894753523468, 4.0687903551245, 'C1'),
(92, 'HEGA ANA PAMBUDI', 8.6, 8, 8.25, 7.5, '0026670384', 1.1055584605845, 2.2123403646485, 4.34827401698, 'C1'),
(93, 'DILA TRINISA', 8.4, 6.6, 9, 7.5, '0023292017', 0.77683279229785, 1.9917927479012, 4.1985364134635, 'C1'),
(94, 'SALMA DIAH KURNIAWATI', 8, 7.4, 8.75, 7.5, '0021410005', 0.84497333678492, 2.0806868052066, 4.3165719094198, 'C1'),
(95, 'TANTI RATNA SARI', 9.4, 6.2, 8, 7.25, '0021655526', 1.4115504112618, 1.5272926916529, 3.3951702172784, 'C1'),
(96, 'WULAN PURIASIH', 9, 6.2, 9.75, 6.5, '0022171798', 2.0861554247003, 2.7288865282245, 4.607728333586, 'C1'),
(97, 'RONI NAFIS HIDAYAT', 8.4, 5.8, 9.75, 6.5, '0021656427', 2.2363087251252, 2.6488800036371, 4.4439216135859, 'C1'),
(98, 'AMELIA RAHMAWATI', 9, 7.2, 8.5, 7.25, '0021474877', 0.80281851889829, 1.880533173666, 4.0535577538945, 'C1'),
(99, 'DINI NOVI PUSPITASARI', 8.6, 8, 7.25, 8.25, '', 1.6366357915159, 2.2976216559017, 4.146929917791, 'C1'),
(100, 'RIFKI ARDIANSYAH', 8.6, 7.4, 7.75, 8, '0021475084', 0.8538347049156, 1.7915832109823, 3.893759684131, 'C1'),
(101, 'POETRI KINANTI', 8.2, 7.2, 7.25, 8.25, '0021654731', 1.3630596292095, 1.7091274252436, 3.6090240999409, 'C1'),
(102, 'NABILA KHAIRUNISA', 8.4, 7, 8.5, 7.5, '0021654908', 0.43678486139776, 1.6848860242445, 3.9463261811594, 'C1'),
(103, 'SITI ROBIAH', 8.4, 5.4, 8.5, 8.25, '0016998974', 1.6469591869665, 2.1198076574156, 3.9135953320881, 'C1'),
(104, 'SITI FAJAR SEPTIA', 9, 4.8, 9, 7.75, '0016917519', 2.3014491330291, 2.6258688216551, 4.1826541537977, 'C1'),
(105, 'PUSPITA WARIH AYUNINGTYAS', 8.4, 7.4, 8.5, 6.75, '0021655732', 1.2304826153827, 1.78580439157, 3.9157240824666, 'C1'),
(106, 'MOH. RADJIN PANGESTU', 8.2, 7.6, 7, 8.25, '0022998686', 1.6923615059316, 1.9687774136346, 3.7328615878742, 'C1'),
(107, 'NATASYA KURNIAWATY KHASANAH', 7.8, 5.4, 8.25, 8.25, '0021654481', 1.8282950351561, 1.9983233079008, 3.7037424336985, 'C1'),
(108, 'AHADIAH NURUL IFADA', 7.8, 7.4, 8, 7.5, '0023319252', 1.0803356428295, 1.6228124974481, 3.7714944783485, 'C1'),
(109, 'HAFIIDH BUDI LEKSONO', 7.2, 7.2, 8.25, 7.25, '0021474952', 1.553309454828, 1.8006305567422, 3.821335627024, 'C1'),
(110, 'BRILLIANT DEANOVA', 7.6, 8.4, 7.5, 8, '0015576209', 1.9782761976203, 2.5468673350582, 4.3909175572733, 'C1'),
(111, 'IZZA FAUZIAH', 8.2, 7.2, 8.75, 7, '0019309498', 1.0270541148991, 1.8604248596178, 4.0583504056672, 'C1'),
(112, 'MUHAMAD IRFAN EDOWARDO', 7.4, 6, 8, 8.25, '0015574878', 1.6577615896939, 1.8285646302502, 3.6460915410043, 'C1'),
(113, 'SHABRINA RACHMADANI', 8.2, 7.2, 9.25, 6.5, '0026659339', 1.645620236076, 2.3207456011945, 4.3823397737658, 'C1'),
(114, 'RELIX CHINTYA FIKA NURILAH', 8.6, 4.8, 8.5, 7.75, '0021655915', 2.2052969819476, 2.1959449556006, 3.6764146041639, 'C2'),
(115, 'M. AMRAN ABDU ROSYID', 8.6, 8.2, 8, 7, '0021399511', 1.5808077233355, 2.18075672395, 4.1660215105137, 'C1'),
(116, 'DARMAWAN', 8.8, 8.4, 7.5, 7.25, '0015575547', 1.8517069556371, 2.3124235021198, 4.141515035671, 'C1'),
(117, 'UNGGUL KUNCORO JATI', 9, 7.6, 6.5, 8, '0010025440', 2.1308351495367, 2.0774725501786, 3.5255945397502, 'C2'),
(118, 'DINDA AYU QOMARIYAH', 8.6, 6, 8.25, 7.75, '0026658266', 1.0413888287117, 1.4895666696769, 3.5405455959809, 'C1'),
(119, 'NADIFATUL A''YUN', 8.2, 7.8, 7, 7.75, '0021654556', 1.7448854120451, 1.8181583784295, 3.5820276800847, 'C1'),
(120, 'YAN NAUFAL HANDINI', 8.8, 7.6, 7.5, 7.5, '0021474842', 1.2514191273712, 1.669329634169, 3.660325139113, 'C1'),
(121, 'FIFKI FAQHIKHUDIN', 8.4, 5, 8.75, 7.75, '0023412105', 2.0290037663749, 2.2116883310423, 3.8483613247624, 'C1'),
(122, 'RIZQI NUR AFIYAH', 9, 5.8, 7.5, 8.25, '0021655550', 1.6547102348698, 1.7147534447356, 3.3608445430263, 'C1'),
(123, 'ROSYID AMIR SANIYASMORO', 8.6, 7.4, 7.5, 7.5, '0023319230', 1.1470515471004, 1.4402616898353, 3.4922490250946, 'C1'),
(124, 'EKA NURHIDAYATI HUSNA', 8.6, 7.4, 6.75, 8.25, '0021475096', 1.8264414970176, 1.9202433451096, 3.5487691439353, 'C1'),
(125, 'BAGAS DIAR SAPUTRA', 8.6, 5.8, 6.75, 8.5, '0021655731', 2.2029797377243, 1.8110844298735, 3.0535811230493, 'C2'),
(126, 'IVAN DIGNA PRADHANA', 7.8, 6.8, 7, 7, '0015356956', 1.9215323030046, 0.72319263088125, 2.5282258012792, 'C2'),
(127, 'RETNO PUJI WIJAYANTI', 9, 5.6, 7.75, 7.75, '0016911370', 1.6499841459277, 1.491652376437, 3.176907620436, 'C2'),
(128, 'LIA FADHILA', 8, 5.6, 8, 8, '0023278909', 1.595904147311, 1.5704180047255, 3.3653224347763, 'C2'),
(129, 'ROFIKA LUTFIYYAH NABIILAH', 8.8, 5.2, 7.5, 7.75, '0016101290', 2.0756399049802, 1.5419750544482, 2.9083220706929, 'C2'),
(130, 'IIN ROHMANIAH', 8, 4, 8.25, 8.5, '0021654732', 3.1225336665947, 2.9896983197138, 4.0361466925797, 'C2'),
(131, 'KUSRIYAH MULANDARI', 9.2, 5.8, 8, 7.25, '0021474759', 1.5818192004424, 1.4400168773323, 3.2188809250633, 'C2'),
(132, 'ARUM DWI NANDA', 9, 5.4, 7.5, 8, '0017010155', 1.9354159187594, 1.6751180262518, 3.13872355683, 'C2'),
(133, 'MAY SHELIAN STEGO', 8.6, 6.6, 7.5, 7.5, '0021510403', 1.1470515471004, 0.92069922805465, 3.049682796298, 'C2'),
(134, 'VINA HADI KUSUMARINI', 7.6, 7.6, 7.5, 7, '0021654738', 1.7648376647409, 1.5315887149027, 3.4015633442943, 'C2'),
(135, 'MOHAMAD ALIF ARSYI ARDHI', 8.4, 5.8, 8.5, 7, '0020633773', 1.5104034724387, 1.4254085844568, 3.3635532295631, 'C2'),
(136, 'DIDAN SULAIMAN', 8.2, 5.4, 8, 7.75, '0021655551', 1.723369213272, 1.4863248055236, 3.2013874311877, 'C2'),
(137, 'ZENDY FIRMANSYAH', 7.8, 7.8, 8.5, 6.25, '0021654543', 1.9908936082152, 2.1745013909652, 4.0667270918601, 'C1'),
(138, 'INTAN SURYANI', 8.6, 6.4, 8.25, 6.75, '0015357771', 1.3211986835381, 1.1738993281551, 3.2601834995216, 'C2'),
(139, 'KADEK DWI NOTARIAWAN PRIYANSYA', 7.8, 4.2, 8.75, 7.75, '0017231267', 2.9199124202667, 2.7582558855333, 3.9546864287669, 'C2'),
(140, 'NADHOFATUR RIZQI', 8.8, 6.2, 7.5, 7.5, '0021655778', 1.3586941643911, 0.95916357356195, 2.9345039542239, 'C2'),
(141, 'HANAN', 8.8, 6.6, 7.5, 6.75, '0021654248', 1.5903950087835, 0.79388360047587, 2.780416914648, 'C2'),
(142, 'FITRIANI NANDA RIZQIATI', 7.2, 6.2, 8.5, 7.25, '', 1.7180262944669, 1.7065469384567, 3.6148273434096, 'C2'),
(143, 'DWI INDAH SAPUTRI', 8.6, 7.2, 7.25, 7.25, '0015575946', 1.4211446030887, 1.1306175493505, 3.102821930686, 'C2'),
(144, 'KRISTANTO JAENURI', 8, 5.8, 8, 7.5, '0016915174', 1.4756177288895, 1.1600983122914, 3.1099938515495, 'C2'),
(145, 'LUTFIANA FEBRIANTI', 8.2, 6.6, 7.75, 7.25, '0021510150', 1.1321196905102, 0.79921509047823, 3.0579694901902, 'C2'),
(146, 'ALVITO FIRMANSYAH', 9, 7.8, 7, 6.5, '0021475111', 2.24159753519, 1.8064151755588, 3.2717020869558, 'C2'),
(147, 'GILANG BAGUS PRAYOGI', 8.2, 6.6, 8, 7, '0021410731', 1.165464669935, 0.92254241335446, 3.1572969992874, 'C2'),
(148, 'SALMA AULIA PUTRI', 8.6, 6.2, 7.25, 7.25, '0021654555', 1.6185338992088, 0.5873352616403, 2.5706917968708, 'C2'),
(149, 'INTAN ASYIFA MAULA', 8, 5.8, 7.75, 6.75, '0021695033', 1.9109971343266, 0.75457656105206, 2.5671831067562, 'C2'),
(150, 'HANGGARA ARSA PUTRA', 8.8, 7, 7.5, 6.5, '0020651284', 1.7341064272898, 1.0920434347645, 2.9414734128168, 'C2'),
(151, 'MUHAMMAD BACHRIL ATHOK', 8.6, 6.6, 7.5, 7.25, '0026385683', 1.2563821349055, 0.76266731116181, 2.9256612465329, 'C2'),
(152, 'IKHSAN MAULANA', 7.4, 5.8, 9, 6.75, '0023318554', 2.0964643415943, 2.0418838440624, 3.7910973212953, 'C2'),
(153, 'ILHAM YUSUF', 8, 7.2, 8, 6.75, '0021655515', 1.3931095195374, 1.2920595333696, 3.3897660889253, 'C2'),
(154, 'IBRAHIM YUSUF', 8, 5.6, 7.25, 8.25, '0015575949', 1.9918857829041, 1.5563232944172, 3.0193064462786, 'C2'),
(155, 'ULLUM DARMAWAN', 7, 7.6, 7.5, 7.5, '0026481687', 1.998285917116, 1.9534308784151, 3.7111553459231, 'C2'),
(156, 'KIEMAL GRAVITA ZAHRA', 7.2, 7.4, 6.5, 8, '0021399932', 2.4591777505285, 2.0293980140203, 3.3407635672789, 'C2'),
(157, 'NAFI''ATUR RIZQIYAH', 8.2, 5.2, 7.75, 7.25, '0006338252', 2.0884671397082, 1.2538253842467, 2.7137632056366, 'C2'),
(158, 'PIPIT ADELLIA', 8, 5.4, 8.25, 6.75, '0015575048', 2.067510149781, 1.3812252612759, 2.9756758544386, 'C2'),
(159, 'CAHAYA NENGGAR TRIE MEILITA', 7.2, 6.6, 7.75, 7.5, '0026654323', 1.6635243530561, 1.3698778316582, 3.2711484369884, 'C2'),
(160, 'NUR HIKMAHYATI', 8.4, 5.4, 8.75, 6.5, '0021499900', 2.1484181087454, 1.832967648889, 3.4259519539376, 'C2'),
(161, 'NURUL LATIFAH', 9.2, 5, 6.75, 8.25, '005576211', 2.7507919375997, 2.168930054511, 2.9703787960544, 'C2'),
(162, 'AN GITA KHUSNUL KHOTIMAH', 8.2, 7, 6.25, 7.75, '0021510400', 2.283219841168, 1.501311782589, 2.7332085730171, 'C2'),
(163, 'TYAS AKBAR SATRIO', 8.4, 6.8, 7, 7, '0021499865', 1.7672730783401, 0.64802056933713, 2.5508876382683, 'C2'),
(164, 'ILHAM KURNIAWAN', 8.8, 7.8, 7, 6.75, '0015357934', 2.0631694336434, 1.6936706887331, 3.2728792564688, 'C2'),
(165, 'MUGI HANDAYANI', 8.6, 7, 7.5, 6.75, '0021655916', 1.5228373857107, 0.93698638132944, 2.9563440124486, 'C2'),
(166, 'ROSSY PRATIWI', 8.6, 6.4, 7.5, 6.5, '0015574890', 1.8212090820448, 0.6533894992814, 2.5617318204568, 'C2'),
(167, 'HARIS DARMAWAN', 8.2, 6.6, 6.5, 7.5, '0017011511', 2.109432565011, 1.0064509321357, 2.4083515098031, 'C2'),
(168, 'HARITS SAIFULLAH BASITH', 8.8, 8, 7, 6.5, '0021654609', 2.2922558603098, 1.9089686816485, 3.3807509110643, 'C2'),
(169, 'FARSYA ASHILA YUMNA', 8.2, 6.6, 7.75, 6.75, '0030118211', 1.4772381758029, 0.69404141000148, 2.8712426831933, 'C2'),
(170, 'NAJMAH ALIYAH NURHIDAYAH', 8.4, 6.8, 6.5, 7.75, '0016918086', 2.0204602222687, 1.2791703608707, 2.7181621169626, 'C2'),
(171, 'SHOFA INAS ARSYLLAH', 8.6, 7.6, 6.75, 7, '0024140314', 2.0554154392846, 1.4962863916966, 3.0310418700341, 'C2'),
(172, 'BERLIANA CINDY FEBRIANTI', 9.4, 8.2, 7, 6, '0026877843', 2.8241710828965, 2.4659075183496, 3.6812016285644, 'C2'),
(173, 'LAVENIA OLGA MUSTIKA SARISIH', 8, 6.6, 7.25, 7.25, '0021654230', 1.5712047100721, 0.58427131195732, 2.6871868787454, 'C2'),
(174, 'ALFIANA YULIA PUTRI', 8.4, 6.2, 7.75, 6.75, '0023411714', 1.5976718088189, 0.62769512592065, 2.7193350005306, 'C2'),
(175, 'TRI AYU SETYANINGSIH', 8.2, 6.2, 7.75, 6.75, '0017011755', 1.6316349555123, 0.5902204210831, 2.6974831784781, 'C2'),
(176, 'RIZQITA PRAMA ARTI', 8.4, 5, 7.75, 7.25, '0021655137', 2.2387535760521, 1.4391151632708, 2.7420920041816, 'C2'),
(177, 'DEDY SETIAWAN', 8, 6.4, 8, 6.5, '', 1.7025049047301, 0.93366242833205, 2.9239022921121, 'C2'),
(178, 'SELLY ADISTYA PRATIWI', 8.2, 6.6, 8.75, 5.5, '0026652395', 2.4751672788232, 2.1071371127979, 3.6534026430605, 'C2'),
(179, 'MERLINDA MA`MUROTUN', 8.2, 7, 7, 7, '', 1.7868775987125, 0.80059746396654, 2.6594115740029, 'C2'),
(180, 'GITA NAILA SYARIATIKA', 7.8, 5.4, 7.5, 7, '0015598061', 2.2282222877292, 0.98897506739303, 2.3847632524594, 'C2'),
(181, 'IKA ADITYANING YUDIAWATI', 8.4, 6.8, 7, 7, '0023291876', 1.7672730783401, 0.64802056933713, 2.5508876382683, 'C2'),
(182, 'MITA AMELIA', 8.8, 6.4, 7.5, 6.5, '0021654552', 1.8349727794078, 0.79533569227857, 2.6154994297227, 'C2'),
(183, 'MUFID MAKANTAR', 7.8, 6.8, 7.25, 7, '0016932719', 1.7338196208118, 0.70807694919149, 2.6926462949301, 'C2'),
(184, 'SALVANIA ZAIRA FEBRIANA', 8.4, 6.2, 6.5, 7.25, '0021654277', 2.2545059645471, 0.81192704726404, 2.0517879679731, 'C2'),
(185, 'ANTONIUS CARLOS WILLARDO SIMAR', 8.4, 6.2, 5.5, 7.75, '0021654232', 3.1107689026483, 1.9112339662293, 2.1525109182706, 'C2'),
(186, 'ARRUM MUKHLISH FATHONAH', 8, 7, 6.75, 7.25, '0021654325', 1.9508962219733, 0.98131316615996, 2.6299725538922, 'C2'),
(187, 'SUNY HENDY ANGGREANI', 7.8, 6.2, 6.75, 7.75, '0030119956', 2.0772905078144, 1.0713165357739, 2.5120296672596, 'C2'),
(188, 'VINA RIZQIANA NINGRUM', 8.2, 6.2, 7.5, 6.75, '0015575063', 1.7602240033666, 0.34640259936687, 2.4835452745672, 'C2'),
(189, 'DWI RISMALASARI', 8.2, 6.2, 6.5, 7.75, '0023278268', 2.1890493208525, 1.1272248163029, 2.3871760252908, 'C2'),
(190, 'TIO ADYA REFANGGA', 8.2, 5.2, 7.25, 7.5, '0027670309', 2.2574848846434, 1.2273438662316, 2.4522939118598, 'C2'),
(191, 'MUNASHIFAH YUNI HASTUTI', 7.8, 8, 6.5, 7, '0021655968', 2.5297427180343, 1.9342380443291, 3.2175994328718, 'C2'),
(192, 'ADITYA NUR HIDAYAT', 7.4, 6.4, 7, 7, '0021655909', 2.1889817793212, 0.83569862794285, 2.3638045521483, 'C2'),
(193, 'RIZKI AMALIA', 7.4, 6.6, 8, 5.5, '0021654484', 2.7474771113718, 1.8020451036863, 3.0370423741736, 'C2'),
(194, 'WAHYUNI PUTRI SUNU DEWI', 8.4, 5.8, 7, 7.25, '0023295521', 2.0335892693023, 0.6539288692024, 2.2145093254701, 'C2'),
(195, 'PANDJI ALAM', 7.4, 6.2, 7, 7.5, '0015576418', 2.1026420512754, 1.0386418112758, 2.5496872933931, 'C2'),
(196, 'DISKA AURA INKAPUTRI', 7, 6, 7, 7.25, '0022142234', 2.4785534595214, 1.2863912519742, 2.4574966221405, 'C2'),
(197, 'VERA ZALIYANTI', 8.6, 5.4, 7.25, 7, '0021654746', 2.2197794485247, 0.9472435810676, 2.2398988349229, 'C2'),
(198, 'AGELLA  FADIYAH', 8.4, 8, 7, 6, '0021654525', 2.6238005644948, 1.9763168000555, 3.2550881972139, 'C2'),
(199, 'ATHALIA DIAH RIZQULLAH', 7.8, 4.6, 8.25, 6.75, '0026659327', 2.7828538658726, 1.998868562482, 3.033321833982, 'C2'),
(200, 'MELIYADI FITRIYANI', 8.2, 4.2, 6.25, 8.75, '', 3.7083712832302, 2.9350819919228, 3.1450566743012, 'C2'),
(201, 'ANNA WHILLIYANTI', 8.4, 7.4, 8, 5.25, '0024422133', 2.7318514231089, 2.1531866406715, 3.4884996465367, 'C2'),
(202, 'DIVA KIRANA DEWI', 8.2, 4.8, 6.75, 6.75, '0016911153', 3.0588978871423, 1.4960721708311, 1.6510830875875, 'C2'),
(203, 'RIZKY CANDRA SAPUTRA', 8.4, 5.8, 7.75, 6.25, '0023299417', 2.1801589031773, 0.96104971552981, 2.4779065640877, 'C2'),
(204, 'MUHAMMAD SYAIFUL HUDA', 8, 7.2, 6.75, 6.75, '0023290618', 2.1786541036425, 1.0735878700387, 2.5638686200531, 'C2'),
(205, 'RORO EKA NURYANTI', 8.2, 5, 7.75, 6.75, '0021499802', 2.4540237627312, 1.3668797114097, 2.5086965450837, 'C2'),
(206, 'ADHIESTA NURWIDYA ASTHAKA', 8.6, 8, 6.5, 6.25, '0021655549', 2.777443967687, 2.0225637175667, 3.093250913272, 'C2'),
(207, 'MEILINDA WULANDARI', 8.2, 7.4, 5.5, 7.75, '0021654546', 3.0506655970523, 2.2287158293573, 2.8944417508723, 'C2'),
(208, 'TRIA FEBRIANA', 8.4, 5.6, 7, 7, '0021656461', 2.2457190682331, 0.70705774748887, 2.02093310137, 'C2'),
(209, 'DIMAS ILHAM SATRIA', 8.2, 6.2, 7.25, 6.5, '0015612345', 2.0729962067526, 0.35440617264249, 2.1951098685275, 'C2'),
(210, 'MAYLYA ISNAENI', 8.8, 5.6, 7.5, 6.25, '0023295526', 2.3937196824967, 1.1134929527033, 2.3031560396704, 'C2'),
(211, 'SYARAFINA FILDZAH', 9, 5.4, 6, 6.75, '0021654990', 3.2096128035138, 1.6524829466755, 1.4562685944772, 'C3'),
(212, 'FADHILAH ALAWIYAH', 8.6, 5.8, 6, 7.25, '0021474838', 2.8461257092371, 1.3747008595167, 1.7084336188874, 'C2'),
(213, 'HUSEIN KAMAL', 8.2, 5.6, 7.5, 6.5, '0023277531', 2.2485900825256, 0.79307573397658, 2.2249712651684, 'C2'),
(214, 'RAMA INDAH YULI ASTUTI', 8.6, 6.6, 6.5, 6.75, '0016931544', 2.3395848689954, 0.87243831128738, 2.0660777824017, 'C2'),
(215, 'DEA RAHMA ANIN DITA', 8.4, 6.8, 6, 7.25, '0015576417', 2.5942453569652, 1.3774958297026, 2.2224818789483, 'C2'),
(216, 'ANINDA ALIEFATUL HIDAYAH', 9.4, 6.2, 6.25, 6.75, '0021654483', 2.7741852129574, 1.5254553391094, 2.1002641204675, 'C2'),
(217, 'ROFI LUTFIANI', 8.8, 8, 9, 8.5, '0021499785', 1.2895887250059, 3.0982720398059, 5.3127577669238, 'C1'),
(218, 'ENDAH MAULIDAH', 8.8, 7.4, 8.25, 7.75, '0021654320', 0.54296710140742, 1.9316098352721, 4.1280137028388, 'C1'),
(219, 'ISTIG FAROH', 8.4, 5.8, 8.75, 7.75, '0015575397', 1.2477404713976, 1.8863276333488, 3.8916735450401, 'C1'),
(220, 'CANTIKA MAHARANI', 8.4, 5.6, 7, 6.5, '0021499828', 2.4887329643484, 0.76998660782688, 1.796392981246, 'C2'),
(221, 'INTAN MELIANA AGUSTIN', 9, 6.6, 5.5, 7, '0021654497', 3.1837332424737, 1.8986823749243, 2.0525131073869, 'C2'),
(222, 'WULAN NADZIFA', 8.6, 4.2, 7, 6, '0017011130', 3.7006285929404, 2.2460637687198, 1.9701739938897, 'C3'),
(223, 'ANJALI ROKHIM', 7.8, 3.6, 7, 6.5, '0016683505', 4.0450987659016, 2.6887338344736, 2.3396218634981, 'C3'),
(224, 'NABILA ABRORIYYAH', 8.8, 5.2, 5.5, 5.75, '0021510398', 4.1109218995997, 2.3286388434904, 0.81389120865912, 'C3'),
(225, 'WULAN NUR KHONISAH', 8.2, 6.6, 5.5, 5.5, '0015576268', 3.8789792394234, 2.17284992858, 1.4791592533637, 'C3'),
(226, 'SITI KHOLILA', 8.2, 5.2, 6.25, 5.25, '0023414141', 3.9313841093368, 2.1091895738136, 1.0772321493598, 'C3'),
(227, 'DWI NOVITASARI', 7.8, 5, 6.25, 5.75, '0012337591', 3.7781739265745, 1.9255604956445, 0.89834722856478, 'C3'),
(228, 'YUSA ANASTASYA', 8.4, 4.6, 5.25, 5.75, '0016911150', 4.5782299655322, 2.7546163848193, 0.74218411925852, 'C3'),
(229, 'META FEBRIANTI', 8.8, 6, 4.5, 5.75, '0026658943', 4.6534183693842, 2.9573237887687, 1.4608160477565, 'C3'),
(230, 'ELOK FAEKOH', 7.2, 4.4, 6.5, 6, '', 4.0310923763081, 2.3431285007666, 1.5732091172961, 'C3'),
(231, 'CERRY TAMARA', 7.8, 6, 4.5, 6.5, '0023319139', 4.4203374493, 2.7277528822254, 1.3749040244335, 'C3'),
(232, 'WAHYU INTAN KUSUMA', 8.2, 7.6, 9, 8, '0026659341', 0.87327485486272, 2.5616365746013, 4.8151356309486, 'C1'),
(233, 'ZAFILLY HAQUE PUTRI DOW', 8.4, 7.6, 7.25, 8.5, '0021410723', 1.5183824670423, 2.1601195697738, 4.0189691187024, 'C1'),
(234, 'TAQIY RIZQI JAGAD SAMUDRA', 8.2, 7.4, 7.75, 7.75, '0021654548', 0.93869982381605, 1.5882262778225, 3.7220368557169, 'C1'),
(235, 'DONI RAMADHAN', 8.6, 7, 7.25, 7.5, '0015451458', 1.3102988841039, 1.0943742583131, 3.0991556653883, 'C2'),
(236, 'YUNITA AYU WIDIAWATI', 8.4, 8, 7, 7, '0021399779', 2.0207063451738, 1.7944165230748, 3.4365513070413, 'C2'),
(237, 'RIZKA VIONI SHAUMITA', 8.2, 6, 6.25, 8.25, '0015356907', 2.5124798921971, 1.6963652369871, 2.6379015034132, 'C2'),
(238, 'RUBEN JULIANUS RIYADI', 8.4, 8.6, 7, 5, '023412890', 3.6394236729268, 3.0119305320805, 3.8875110326254, 'C2'),
(239, 'ARMANDO SATRIA NIRVANA', 8.4, 7.2, 6.75, 6, '0021654241', 2.5952813558883, 1.365941449294, 2.4509065076123, 'C2'),
(240, 'DIAH PUJI LESTARI', 8.8, 4, 6.75, 7, '0006515608', 3.5937522464264, 2.3589222097427, 2.2532223006768, 'C3'),
(241, 'MICHELLA GIVANY', 8.8, 6, 5.75, 7, '0015574882', 3.0675199860162, 1.5708975523001, 1.6221690741026, 'C2'),
(242, 'BAYU AJI NUGROHO', 8.2, 6.4, 7, 6.25, '0021654564', 2.3379987177913, 0.63865434801052, 2.0403007285197, 'C2'),
(243, 'CHESSA TANIA ANGGRAENI', 8.2, 4, 8, 5.5, '0023293589', 3.8922899172714, 2.7355555179191, 2.8857532744081, 'C2'),
(244, 'NOVIKA NURSHENY RAHMADANI', 9, 7, 5.25, 6.25, '0015575050', 3.6675086536808, 2.2982353635973, 2.1020933496287, 'C3'),
(245, 'NADINE AISYA SHAKIRA', 7.8, 5.4, 8, 5.75, '0023414420', 2.8339913234867, 1.6521725842138, 2.6121974202035, 'C2'),
(246, 'PUTRI DWI UTAMI', 8.8, 5.4, 6.25, 7, '0021654594', 2.9107330754728, 1.3926413353959, 1.6161190142561, 'C2'),
(247, 'SITI AISYAH', 8.6, 6, 6, 7.25, '0015575940', 2.7677484627004, 1.3253184975026, 1.7895683708521, 'C2'),
(248, 'SALAM NORKHASANAH', 8.4, 5.6, 7.25, 5.5, '0016999395', 3.0510180469268, 1.5023788459458, 1.9675264664373, 'C2'),
(249, 'ALDILASE ADIB FARADIBA', 8.8, 5, 6.75, 5.25, '0020193427', 3.7589143285162, 2.1472465712561, 1.6981043417043, 'C3'),
(250, 'HESTI ENDRAWATI', 9, 5.6, 5.75, 7.25, '0021474774', 3.1799736835467, 1.8002923243617, 1.7658573648135, 'C3'),
(251, 'NIAFA AZZAHRAH', 8.8, 5.2, 6.75, 6, '0023293580', 3.155333655497, 1.526568513862, 1.5638357218195, 'C2'),
(252, 'MICHELLE AYU SILVIA', 7.4, 8, 6.5, 5.5, '0021654244', 3.4828962030734, 2.4472108439393, 3.0991584091671, 'C2'),
(253, 'ILHAM ASHARI ADINATA', 8.4, 6.2, 6, 6.25, '0015574891', 3.1034149321276, 1.3279277829557, 1.2859671133195, 'C3'),
(254, 'PRAMESTINING TYAS', 7.8, 7.4, 6, 7.25, '0021399899', 2.7238100576582, 1.7437235113185, 2.6675367350546, 'C2'),
(255, 'RIZKI ZAHROH SYAFAQOH', 7.6, 5.8, 7.25, 6.75, '0021656131', 2.2953380391722, 0.73917045799757, 2.1591335472922, 'C2'),
(256, 'BAGUS FAHMI ARDIANSYAH', 7.8, 7.8, 5.75, 7.25, '0026652403', 3.0348471368717, 2.1864445185376, 2.9681564839371, 'C2'),
(257, 'ROSSY PUSPITA ANGGRAENI', 8.2, 5.2, 6.75, 7, '0027657672', 2.6914842497698, 1.125873400829, 1.750647262674, 'C2'),
(258, 'ELSA NUR HANDAYANI', 8.2, 5.8, 7, 5.75, '0016939107', 2.9063337108464, 1.1877828480751, 1.7217013777733, 'C2'),
(259, 'SANTI ISNAENI', 7.6, 7, 5.5, 6.5, '0021399837', 3.4488312410329, 1.9574957554598, 1.9531294933772, 'C3'),
(260, 'TITIARTI NABILLA', 6.6, 6.4, 7.5, 7.25, '0020637112', 2.3822825740155, 1.6788640518034, 3.106768535998, 'C2'),
(261, 'AYU SETIA RINI', 7.8, 7, 6.75, 5.75, '0026637714', 2.8770273532746, 1.451268637532, 2.2664862046479, 'C2'),
(262, 'RISQI AMALIA LAELATUL IZZAH', 8.4, 7.2, 5.25, 7.25, '0010026217', 3.3224353589003, 2.1967548657816, 2.4620701955533, 'C2'),
(263, 'FADILLA JULIA ROSSA', 7.2, 4.8, 7, 7.5, '0021711981', 3.0217182223275, 1.8672089116707, 2.4322564175031, 'C2'),
(264, 'CANDRA TRI BUANA', 7, 8.2, 6.25, 7, '0023411473', 3.1272134258546, 2.4783086957878, 3.4640825450795, 'C2'),
(265, 'ERFINA AULIA NOVANI', 8.2, 5.2, 6.25, 7.5, '0021399841', 2.9310171716159, 1.5306571881106, 1.8248484761089, 'C2'),
(266, 'TRIXIE IGNACIA MICHAELA', 8.2, 6.2, 6.75, 5.5, '0021654240', 3.0976927494484, 1.4070431414402, 1.7356223338985, 'C2'),
(267, 'ISNA AZMIAZIS', 8, 6, 6.25, 6, '0021410195', 3.1610365361521, 1.2817110526115, 1.1728231484874, 'C3'),
(268, 'BAIQ NADIA PUTRI HANIFAH', 8.2, 6.8, 6, 6.25, '0013061096', 3.0233857941565, 1.4274982210513, 1.7626039376528, 'C2'),
(269, 'MUHAMMAD FAIZ NAUFAL', 8.2, 6.8, 5.75, 6.75, '', 3.0085677555736, 1.5301755025292, 1.8656090509067, 'C2'),
(270, 'AULIA MEILINDA', 8.4, 4.6, 7, 6, '14470', 3.4123788479949, 1.8580890077841, 1.746664612019, 'C3'),
(271, 'VIOLA LARASITO', 8.2, 6, 6.25, 6.5, '0021711988', 2.8551597029106, 1.0077080579607, 1.3307983850717, 'C2'),
(272, 'ELISA  DYAH KUSUMA DAMAYANTI', 8.6, 6.4, 5.25, 6.25, '0021474775', 3.6918795434756, 2.056843147935, 1.4037924295447, 'C3'),
(273, 'SIANNY GUNAWAN', 7.8, 5.4, 7.25, 5.75, '0015574968', 3.0561371964513, 1.4298874410881, 1.8703797101329, 'C2'),
(274, 'RISKA AULIA PRATIWI', 8.4, 4.8, 5.75, 7, '0021654329', 3.637173862124, 2.0338232638409, 1.2852395373004, 'C3'),
(275, 'BIAS SAFANA', 8.4, 6, 6, 6.25, '0017569083', 3.1608834589324, 1.3478596106713, 1.1357384790214, 'C3'),
(276, 'KUKUH ADI NUGROHO', 6.8, 5.4, 6.5, 7, '0021655972', 3.2416022760699, 1.7568167284206, 1.9777728803377, 'C2'),
(277, 'TINA SUKMAWATI', 8, 5.2, 7.5, 4.75, '0026658957', 3.80660169955, 2.3649133755105, 2.3836968633338, 'C2'),
(278, 'M. IRFAN SYAH', 8.2, 5.2, 6.75, 5.75, '0023414223', 3.3253468319531, 1.5612375570572, 1.3636013697012, 'C3'),
(279, 'MUFTIARANI', 8.2, 4.2, 7.25, 5.75, '0021410727', 3.7630598885513, 2.3099480828502, 2.1052785590266, 'C3'),
(280, 'GALANG WAHYU RAMADHAN', 7.8, 6.2, 6.75, 4.5, '0021654275', 3.9819757002664, 2.4113037524313, 2.1912016059149, 'C3'),
(281, 'ALIFFATUL HIDAYAT', 7.8, 6.4, 6.5, 5.75, '0026670453', 3.0940979792936, 1.3482637997323, 1.6483666998225, 'C2'),
(282, 'HANIFA SETYA NINGRUM', 8.2, 5, 6, 7.25, '0010026350', 3.2863028453705, 1.7469555618868, 1.5055804996842, 'C3'),
(283, 'NURSAVITA PURWATITISARI', 8.4, 5.6, 5.75, 6.75, '0015451252', 3.2957248854421, 1.5706935073978, 1.0844387188342, 'C3'),
(284, 'INDRA SETYAWATI', 7.8, 6, 6.5, 6, '0021655809', 3.0332611968415, 1.1664079823805, 1.3786098643329, 'C2'),
(285, 'NANDA SEFIRA DIVA PUTRI', 8.2, 5.2, 5.5, 6.25, '021654250', 3.8843498153828, 2.0500456259655, 0.41768375101162, 'C3'),
(286, 'NOUVAN KUSUMA RAMADHAN', 7.4, 4.2, 7, 6.5, '0015451459', 3.6636291931101, 2.2131442748635, 2.0611948820307, 'C3'),
(287, 'IQMAL BAHRUDIN', 8.2, 5.6, 5.5, 7.5, '', 3.3532565368971, 1.9016173660866, 1.672553708057, 'C3'),
(288, 'ABDU MALIK ARDIANSYAH', 8.4, 5, 6, 6.5, '0017011997', 3.4969151296176, 1.746258239142, 0.954948010236, 'C3'),
(289, 'WINATA PRASETIO', 6.6, 5.6, 6.75, 6, '0021655524', 3.5387260547286, 1.9497931887246, 1.987752599327, 'C2'),
(290, 'ISNA WIDA KHAFIDHO', 8, 4.6, 6.25, 6, '0016910865', 3.8408530280249, 2.063035762104, 1.0338507972436, 'C3'),
(291, 'SALSABILAH JANNAH', 7, 5.6, 7, 5.5, '0021654276', 3.5274082514129, 1.9076922269179, 1.9657493737028, 'C2'),
(292, 'FITA FATMAWATI', 7.6, 5.4, 6.75, 6, '0021654841', 3.1897013956859, 1.3868063817041, 1.4209812127595, 'C2'),
(293, 'MUHAMAD REZA FAHMI', 6.8, 8.2, 6.25, 5.75, '0015576952', 3.7766367731384, 2.7975426289599, 3.3520357082419, 'C2'),
(294, 'PIPIT SEPTIYANI', 8.8, 3.6, 6.25, 6.25, '002413997', 4.4029164752769, 2.9165686972839, 1.999835160267, 'C3'),
(295, 'FITRI YULIANTI', 7.6, 5.2, 6, 7.25, '0021654744', 3.2937544913905, 1.7151085461132, 1.5347573502096, 'C3'),
(296, 'RIYANI', 8.2, 5, 6, 6.25, '0034962793', 3.6195112460535, 1.7993752168752, 0.74329464328992, 'C3'),
(297, 'RAIHAN KAUTSAR', 7.6, 4.6, 7, 4.75, '0021655739', 4.3447535218564, 2.7239314332699, 2.0861473428949, 'C3'),
(298, 'WISNU WARDANA', 8.8, 6.4, 5.75, 4, '0019124060', 4.8138243290611, 3.2401766558088, 2.40752869344, 'C3'),
(299, 'DEVI DWI LESTARI', 8, 3.8, 5.75, 6, '', 4.6614872960081, 2.9457968565097, 1.4358874054149, 'C3'),
(300, 'MUHAMMAD IRFAN ROSYID', 8.2, 4.6, 5.5, 6.25, '0015575024', 4.1962094190191, 2.4088767234004, 0.72320892170282, 'C3'),
(301, 'MUHAMMAD IMAM BUKHARI', 7.8, 4.6, 6.25, 5.5, '0015575034', 4.1439554819824, 2.3373968956999, 1.1195254650429, 'C3'),
(302, 'FIRGIAWAN AL-HAQ', 7.6, 8, 5, 6, '0021474990', 4.2180903726082, 2.979318867576, 2.8696311339806, 'C3'),
(303, 'NADELLA PUTRI ALFIYANI', 8.4, 4.4, 6.25, 5.5, '0024259458', 4.1956328221839, 2.4604228616813, 1.2824312004495, 'C3'),
(304, 'KHOLIFATUL HIKMAH', 7.4, 6.2, 5.75, 6.5, '0021654834', 3.395284735409, 1.6576632121606, 1.3673067479794, 'C3'),
(305, 'GAYATRI LAKSMI MAHESWARI', 8, 8, 5, 5, '0027657656', 4.6876440587568, 3.3546267157277, 2.9761101835622, 'C3'),
(306, 'SITI ZACHRATUN NIKMAH', 9, 4, 4.5, 6, '0023067432', 5.3639403691655, 3.6716159918512, 1.8014791319352, 'C3'),
(307, 'NINDYA PUSPITA DEWANTI', 8, 5, 5.75, 5.5, '0023290626', 4.200000172054, 2.3174701374066, 0.55451503743676, 'C3'),
(308, 'SENO AJI NANDA UTOMO', 8, 6.2, 5, 6.75, '0015575101', 3.8111186154681, 2.1784627352914, 1.3858016129363, 'C3'),
(309, 'RIZKI AYU WULANDARI', 8.4, 5.4, 5, 6.75, '0021655729', 4.0181177511937, 2.3345910292102, 1.0497345898161, 'C3'),
(310, 'FANNY MAULANA RIZKY SAPUTRA', 7.8, 4.8, 6.25, 6, '0021410269', 3.7552402589239, 1.9383349031438, 0.95618494436585, 'C3'),
(311, 'ALFAN KASYFIL AZIZ', 7.6, 6.4, 5, 5.5, '0021655504', 4.3934979260151, 2.6222044732075, 1.3954081114469, 'C3'),
(312, 'UMI SAIDAH', 7.6, 5.6, 6.25, 5.5, '0021656137', 3.7043278008306, 1.841498453901, 1.0927110958476, 'C3'),
(313, 'ARIF KHAFIFUDIN', 8.6, 6.8, 4.75, 5.25, '0016911146', 4.5943837084322, 2.979614695763, 1.9473391548178, 'C3'),
(314, 'FAJAR PRASETYO', 8.4, 6.2, 4.5, 6.75, '0012258537', 4.2394082240821, 2.6786659312248, 1.653887562563, 'C3'),
(315, 'NOVITA NURFADILLAH', 8.4, 6.2, 5, 5.75, '0015576262', 4.1864478417001, 2.4378021610116, 1.1674309786916, 'C3'),
(316, 'DEVITASARI AYUNINGTYAS', 8.4, 4.2, 5.5, 6.75, '0010622764', 4.2635617075986, 2.640463225061, 1.3714672073707, 'C3'),
(317, 'TIKA INDAH SARI', 8.2, 5, 5.25, 6.75, '0023291887', 4.0010988200536, 2.2824781048916, 0.91344112117067, 'C3'),
(318, 'HAPPY RAMADHANI ARIO SETIYONO', 7.4, 5.6, 5.75, 5.75, '0016996886', 3.9384343191317, 2.0554246281179, 0.81846495705507, 'C3'),
(319, 'MUHAMMAD RIZQI RIYADI', 7.8, 5, 5, 7, '0015574925', 4.2001825797599, 2.5290481419771, 1.2125564107259, 'C3'),
(320, 'KURNIA ARDIANSYAH', 7.4, 4, 7, 5.75, '0023278042', 4.1527683918347, 2.6130947153935, 2.0824265970703, 'C3'),
(321, 'ISTI SETYOWATI', 7.8, 3.6, 5, 7.25, '0015576901', 4.9813416753033, 3.456941347318, 2.1400228529381, 'C3'),
(322, 'NAFIATUL AYU NAZILAH', 7.8, 4.6, 5.75, 6.75, '0021654741', 3.9026702113536, 2.1992775368118, 1.1143866811133, 'C3'),
(323, 'SEKAR DWI FEBRIYANTI', 8, 6.4, 4.5, 6, '0023414148', 4.5033591218931, 2.8093698338617, 1.5163128350767, 'C3'),
(324, 'FIKRI AZZAQI', 6.4, 6, 6.5, 6.5, '0023412927', 3.4172910015595, 1.9514281139527, 2.18840960211, 'C2'),
(325, 'DIAS ANNISAA PANGESTI', 8, 5.8, 4.25, 7, '0021410389', 4.5409606941592, 2.9602864798697, 1.7142471785972, 'C3'),
(326, 'RISMA PANCA WATI', 8.8, 3.2, 5.5, 4.5, '0021656013', 5.9193346712811, 4.2250164486801, 2.5581177687081, 'C3'),
(327, 'ANNISA SEPTI KHORIASIH', 8.4, 4.2, 5, 7.25, '0012391456', 4.5304230076285, 3.0078840662033, 1.7737610953401, 'C3'),
(328, 'NEISKA SYIFA ATFINIA', 8.6, 4.8, 4.75, 6.75, '0015418421', 4.4951917375215, 2.8429897844864, 1.2943968159802, 'C3'),
(329, 'VENISA TIARNO', 7.4, 6.8, 4.75, 6, '0015574873', 4.3672782971576, 2.7381260935972, 1.8439468506353, 'C3'),
(330, 'DWIHANA PUTRI AZZAHROH', 7.8, 5.2, 5.75, 5.75, '0021654739', 4.0014884789793, 2.1030261814401, 0.42308454496195, 'C3'),
(331, 'NOVITA UMI NURHIDAYAH', 7.2, 6.4, 4.75, 6.75, '0021655702', 4.1969620790002, 2.6184799156267, 1.8103502089719, 'C3'),
(332, 'SILVI LISMA WANTI', 9, 5.2, 3.75, 7.25, '0021656118', 5.1362904843746, 3.685213161121, 2.3628978493518, 'C3'),
(333, 'TRI SEPTI ANI', 8.2, 5, 5, 6.5, '0015576065', 4.2816721615529, 2.5179982672092, 0.78095126987998, 'C3'),
(334, 'MIRA AGATA', 7.2, 4.2, 7, 5.25, '0021654627', 4.3584057142475, 2.7698805661241, 2.1388781760338, 'C3'),
(335, 'NINDIANA OKTA AULIYA', 8, 4.8, 5.25, 6.5, '0017011001', 4.2043118348183, 2.4261848581624, 0.73900364175408, 'C3'),
(336, 'LIYA FITRIYANI', 7.2, 5.4, 6.25, 5.5, '0021655494', 3.9065840954363, 2.0768167559443, 1.2463840986234, 'C3'),
(337, 'DEFITA SULISTYANINGRUM', 8.2, 3.6, 5.5, 4.75, '0015574903', 5.5326111729897, 3.7547569680411, 1.9704199943044, 'C3'),
(338, 'LUQMAN HARUN AL-ROSHID', 7.6, 3.8, 4.75, 7, '0020245215', 5.1031722523007, 3.4838309508616, 1.9379499973037, 'C3'),
(339, 'FEBBY WAHYUNINGSIH', 8, 5, 6, 4.75, '0030118273', 4.5268258175998, 2.7020281825528, 1.3010345915371, 'C3'),
(340, 'JUSTIKA RINI EKA PERTIWI', 8, 4.2, 4.75, 5.5, '0015357386', 5.2891043760894, 3.438101166726, 1.2524277871868, 'C3'),
(341, 'MELVY AYU UTOMO', 8, 5.4, 5.25, 5.75, '0023413540', 4.2496522747169, 2.367128226966, 0.2988990937425, 'C3'),
(342, 'LINTANG PRAMESTI', 8.6, 4.4, 5, 5, '0021693796', 5.2349760805121, 3.4103436012808, 1.3941888096479, 'C3'),
(343, 'DESTI AYU PANGESTI', 9.2, 4.4, 4.5, 5.75, '0015576214', 5.2682964686712, 3.5642268038897, 1.7030096972079, 'C3'),
(344, 'ILUL MAGHFIROH', 7.4, 5, 6.25, 5.25, '0023318730', 4.1778571891061, 2.3493509505932, 1.2341597109165, 'C3'),
(345, 'NATASHA RARA ANGGRAENI', 7.8, 4.4, 5.75, 6, '0012075527', 4.3033871810703, 2.4964130455879, 0.89153455654786, 'C3'),
(346, 'ZERGIE ABDULLAH FAIQ', 7.2, 5.6, 5.5, 6.5, '0015451089', 3.846269851146, 2.0673269975246, 1.0914730676273, 'C3'),
(347, 'DIAH EKA PRIYANTI', 7.8, 4.8, 5.75, 5.5, '0021654838', 4.3300899372425, 2.4532346291098, 0.68213639105034, 'C3'),
(348, 'PUTIK INTAN SETIYANI', 7.6, 5.4, 5.5, 5.75, '0021656453', 4.1373594696059, 2.2395042701975, 0.48582336472166, 'C3'),
(349, 'CANDRA ADHITYA', 7.4, 6.2, 4.75, 5.75, '0017766982', 4.5481741987338, 2.7679069463066, 1.3555958055291, 'C3'),
(350, 'WAFIQ AZIZAH', 8.4, 4.4, 5.25, 5.5, '0021655510', 4.8060335448789, 2.9816470481636, 0.98028379283684, 'C3'),
(351, 'WAHYU PERMATA SAKTI', 8.2, 4, 4.75, 6.25, '', 5.08985670036, 3.3447856306039, 1.4199815037391, 'C3'),
(352, 'SILVIANA PUTRI', 7, 4.2, 6.5, 5.75, '0023413424', 4.351109281883, 2.6799100428505, 1.7893402771479, 'C3'),
(353, 'HERY ALMA ARIFKI', 7.6, 3.8, 6, 5.75, '0006354009', 4.6957887040177, 2.970484272325, 1.5707911656, 'C3'),
(354, 'KUSWENI AMBAR ASIH', 6.6, 4.6, 6, 4.75, '0001342481', 5.0813279679993, 3.3057730996681, 1.9941164790918, 'C3'),
(355, 'BERLIANA BARKAH', 8, 3.8, 4.75, 6.25, '0021654425', 5.2284145445398, 3.4864427748619, 1.5792943361555, 'C3'),
(356, 'INTAN AYU CHUSNIYAWATI', 8.4, 3.8, 3.75, 7.25, '0021654214', 5.7645912429193, 4.221043271433, 2.5848631567238, 'C3'),
(357, 'LOLITA EKA DWI PRATIWI', 7.6, 6.6, 4.5, 5.5, '0023413537', 4.7801815712226, 3.0660874411447, 1.7689365694132, 'C3'),
(358, 'NURFALAH OCTAVIANI', 7.2, 5.4, 6.25, 4, '20324294', 4.9712183816386, 3.2545374466454, 2.2320494505886, 'C3'),
(359, 'RIZKY FIRMANSYAH', 8.6, 4, 4.5, 6, '0017010154', 5.3470750062696, 3.6040923878746, 1.6151137325032, 'C3'),
(360, 'DEVI YANTI', 6.8, 4.6, 6.25, 5.5, '0015973731', 4.4408055725764, 2.6898362626417, 1.6314105958298, 'C3'),
(361, 'MEGA AYU ESTI NINGSIH', 8, 6.4, 5.75, 6, '0021654991', 3.4423050142085, 1.6686478917043, 1.2614659926264, 'C3'),
(362, 'ARVIA RAHMA ASIFATUL ZAHRA', 8, 5.4, 5.75, 5.5, '0015574921', 4.0249225390377, 2.1316662898082, 0.56134300954277, 'C3'),
(363, 'RISQI ZAKIYAH', 8.8, 6.4, 6.75, 6.25, '20324300', 2.4876417869757, 0.96510987381771, 2.0061183255898, 'C2'),
(364, 'SYIVA AULIA RAHMAH', 8.2, 6.2, 7, 5.25, '0015575022', 3.1697497177555, 1.6022203798053, 2.0011826065361, 'C2'),
(365, 'AFIKA KHOIRUN NISA', 8.4, 6.6, 5.75, 6, '0021655922', 3.3689922784322, 1.7036239328085, 1.5072626407631, 'C3'),
(366, 'ALVIA NUR FITRIANI', 8.4, 7.2, 4.5, 5.75, '0017349539', 4.5468293743258, 3.0486852806309, 2.2450180343067, 'C3'),
(367, 'ROSIANA AL SABAAH', 8, 7, 5, 5.5, '0023077308', 4.2805921538018, 2.6696888115643, 1.8961347691548, 'C3'),
(368, 'LAILA ROSAYANTI', 8, 6.6, 3.5, 5.25, '0021695793', 5.6998397774205, 4.0202844511975, 2.457870294081, 'C3'),
(369, 'DIFFA AULIA ASTININGSIH', 7.8, 6.2, 2.75, 6.5, '', 6.0193417051646, 4.4484541990278, 2.9146598478698, 'C3'),
(370, 'RINDI PRAMESWARI', 8.8, 4.8, 6, 5.25, '', 4.2606225684822, 2.5167250579391, 1.2447866200536, 'C3'),
(371, 'AYU VALLERINA PRIYADI', 7.8, 6.4, 3.25, 5.75, '', 5.7548648278816, 4.0895067274267, 2.4864983413575, 'C3'),
(372, 'DETA KURNIAWATI', 8, 4.4, 5.5, 6, '0012230911', 4.4368479492567, 2.6247578431557, 0.80298371410062, 'C3'),
(373, 'MUH. ARSYI FADHLI', 7.6, 5.6, 4.5, 5, '0021654482', 5.2250046400233, 3.3556679784152, 1.3974784829889, 'C3'),
(374, 'ANNISA RISKA YANTI', 7.6, 6.2, 3.75, 6.25, '0021510391', 5.1817272356019, 3.51859910087, 2.0148143146856, 'C3'),
(375, 'SELVIA DEWI SAGITA', 7.4, 6.2, 4.5, 5.75, '0021656055', 4.7562637075762, 2.9888030177308, 1.4930578088678, 'C3'),
(376, 'SHINTA', 7.8, 5.8, 4.75, 5.25, '', 4.806981520427, 2.9533381620312, 1.1223247199824, 'C3'),
(377, 'SULISTYOWATI', 6.4, 6.8, 5.5, 5.25, '0022695802', 4.5581076699959, 2.971724853852, 2.3633332540293, 'C3'),
(378, 'FATIMAH AZZAHRA', 8.2, 6, 4.25, 4.5, '0014061119', 5.544667237859, 3.7497129656749, 1.9937667803338, 'C3'),
(379, 'ZAKY FIRMANSYAH', 8.4, 5.2, 5.5, 4.25, '0021433455', 5.0577313695514, 3.2588530138649, 1.692411189465, 'C3'),
(380, 'INTI AISHA', 8.6, 5.2, 4.25, 5, '0021654629', 5.4491689554893, 3.6265705551688, 1.5791597228098, 'C3'),
(381, 'AZZAHRA WULAN SARI', 8.6, 5.8, 3.5, 4.5, '0015575533', 6.1625844969309, 4.3937303690281, 2.5115286266315, 'C3'),
(382, 'PUTRI RAGILLIYA', 7.6, 5.8, 5, 5, '0015575099', 4.7993084564662, 2.9374997901716, 1.2241700735275, 'C3'),
(383, 'WITA PUTRI SAGITA', 7.2, 5.4, 4.75, 4.75, '0021654570', 5.3307261447386, 3.4488981728955, 1.5587651623979, 'C3'),
(384, 'KHUMALA AZZAHRHA', 8, 5.2, 5.25, 4.75, '0021654420', 4.9031234662023, 3.0269666024141, 1.1537960955667, 'C3'),
(385, 'RIZQON KHAERUL ANAM', 8.2, 4.6, 4.5, 5.75, '0015450949', 5.1481389626337, 3.3139363675284, 1.1100517185699, 'C3'),
(386, 'ABDULLAH', 7.2, 5.2, 4.5, 6.5, '0012194959', 4.8029590279065, 3.0458243617943, 1.3564737153181, 'C3'),
(387, 'PUTRI MILA HUDIANA', 7, 4.4, 7.25, 4.75, '0021474622', 4.5518962542846, 3.0256533334441, 2.5162506908073, 'C3'),
(388, 'NUR KHOLIFAH', 8.8, 4.6, 4.5, 4.5, '0030118254', 5.7752183167863, 3.9565097143597, 1.9357065159417, 'C3'),
(389, 'DESTI RAHMAWATI', 8, 5, 5.25, 4.5, '0021655021', 5.1418273543584, 3.2748793114309, 1.4146958958603, 'C3'),
(390, 'DIYAN LARASATI', 8.4, 4.4, 4.25, 4.75, '0026670444', 5.8954124997347, 4.0377816506448, 1.8517744353448, 'C3'),
(391, 'MURTONO', 6.6, 3.6, 7.5, 5.5, '0021655804', 4.7132421943804, 3.3709155557393, 3.0051917414591, 'C3'),
(392, 'MADHU FRISTY DANOV', 8, 4.4, 4.75, 5.75, '0015597898', 5.0751213073151, 3.2308252723314, 1.0384875129238, 'C3'),
(393, 'FIRDA FAUZU MARNIS', 8.2, 4.4, 4.75, 5.25, '0021654835', 5.2884512382187, 3.4273636637983, 1.2286906869894, 'C3'),
(394, 'MUHAMMAD FAJRI MAULANA', 6.6, 4.8, 2.5, 2.75, '0015418180', 8.4399779177262, 6.5661618880694, 4.52314950942, 'C3'),
(395, 'ALFIN FAJAR FITRIAN HIDAYAT', 6.8, 5.8, 4.25, 5.5, '0015612351', 5.3282268575253, 3.5253788509747, 1.8212662452995, 'C3'),
(396, 'MELINDA FADYAH ZAHRA', 7.4, 4.4, 5.25, 6, '0023453314', 4.7218436967848, 2.8929336794453, 1.0130461178779, 'C3');

-- --------------------------------------------------------

--
-- Struktur dari tabel `db_siswa`
--

CREATE TABLE IF NOT EXISTS `db_siswa` (
  `nis` varchar(15) NOT NULL,
  `nama` varchar(30) DEFAULT NULL,
  `jenis_kelamin` varchar(11) DEFAULT NULL,
  `tempat_lahir` varchar(30) DEFAULT NULL,
  `alamat` varchar(50) DEFAULT NULL,
  `kelas` varchar(30) DEFAULT NULL,
  PRIMARY KEY (`nis`)
) ENGINE=InnoDB DEFAULT CHARSET=latin1;

--
-- Dumping data untuk tabel `db_siswa`
--

INSERT INTO `db_siswa` (`nis`, `nama`, `jenis_kelamin`, `tempat_lahir`, `alamat`, `kelas`) VALUES
('0001342481', 'KUSWENI AMBAR ASIH', NULL, NULL, 'Desa Purwosari', 'IPS'),
('0006338252', 'NAFI''ATUR RIZQIYAH', 'Perempuan', 'PEMALANG', 'Desa Blendung', 'IPA'),
('0006354009', 'HERY ALMA ARIFKI', NULL, NULL, 'samong', 'IPS'),
('0006515608', 'DIAH PUJI LESTARI', 'Perempuan', 'Pemalang', 'Ds. Kauman', 'IPS'),
('0010025440', 'UNGGUL KUNCORO JATI', 'Laki-laki', 'PEKALONGAN', 'Krasakageng', 'IPA'),
('0010026217', 'RISQI AMALIA LAELATUL IZZAH', 'Perempuan', 'Pekalongan', 'Desa Sumub Kidul RT 20/RW07', 'IPS'),
('0010026350', 'HANIFA SETYA NINGRUM', 'Perempuan', 'PEKALONGAN', 'dusun tegalontar', 'IPS'),
('0010622764', 'DEVITASARI AYUNINGTYAS', 'Perempuan', 'Pemalang', 'dusun 2', 'IPS'),
('0012075527', 'NATASHA RARA ANGGRAENI', 'Perempuan', 'PEMALANG', 'DUKUH KALILONGKRANG', 'IPS'),
('0012194959', 'ABDULLAH', 'Laki-laki', 'PEMALANG', 'desa pagergunung', 'BAHASA'),
('0012230911', 'DETA KURNIAWATI', 'Perempuan', 'PEMALANG', 'dusun 2', 'BAHASA'),
('0012258537', 'FAJAR PRASETYO', 'Laki-laki', 'Pemalang', 'Dusun Depokan', 'IPS'),
('0012337591', 'DWI NOVITASARI', 'Perempuan', 'Pemalang', 'Kauman', 'IPS'),
('0012391456', 'ANNISA SEPTI KHORIASIH', 'Perempuan', 'Pemalang', 'ds klegen', 'IPS'),
('0013061096', 'BAIQ NADIA PUTRI HANIFAH', 'Perempuan', 'Sleman', 'Sukorejo', 'IPS'),
('0014061119', 'FATIMAH AZZAHRA', 'Perempuan', 'PEMALANG', 'Desa Kauman', 'BAHASA'),
('0015356898', 'ETIK ELIZA', 'Perempuan', 'Pemalang', 'Muncang', 'IPA'),
('0015356907', 'RIZKA VIONI SHAUMITA', 'Perempuan', 'Pemalang', 'Ds. Muncang', 'IPS'),
('0015356956', 'IVAN DIGNA PRADHANA', 'Laki-laki', 'Pemalang', 'Kebandungan', 'IPA'),
('0015357386', 'JUSTIKA RINI EKA PERTIWI', 'Perempuan', 'Pemalang', 'ds.kelangdepok', 'IPS'),
('0015357771', 'INTAN SURYANI', 'Perempuan', 'Pemalang', 'Desa Pendowo', 'IPA'),
('0015357934', 'ILHAM KURNIAWAN', 'Laki-laki', 'Pekalongan', 'Ds. mrican-Kec. Sragi-Kab. Pekalongan', 'IPA'),
('0015418180', 'MUHAMMAD FAJRI MAULANA', 'Laki-laki', 'Pemalang', 'kemaden', 'BAHASA'),
('0015418204', 'AISYAH NOVANI', 'Perempuan', 'Pemalang', 'Sidokare', 'IPA'),
('0015418421', 'NEISKA SYIFA ATFINIA', 'Perempuan', 'Jakarta', 'dukuh siglagah desa jatirejo ampelgading', 'IPS'),
('0015418438', 'SHAFIRA FILLYANTI', 'Perempuan', 'PEMALANG', 'jln.raya desa karangtalok', 'IPA'),
('0015418451', 'DWI MIFTA HUROENI', 'Perempuan', 'PEMALANG', 'Gg. Sido Makmur', 'IPA'),
('0015450949', 'RIZQON KHAERUL ANAM', 'Laki-laki', 'PEMALANG', 'DESA SIDOKARE,', 'BAHASA'),
('0015451089', 'ZERGIE ABDULLAH FAIQ', 'Laki-laki', 'Pemalang', 'Desa Ampelgading', 'IPS'),
('0015451252', 'NURSAVITA PURWATITISARI', 'Perempuan', 'Pemalang', 'Ds Jatirejo', 'IPS'),
('0015451458', 'DONI RAMADHAN', 'Laki-laki', 'Pemalang', 'Sewuni', 'IPS'),
('0015451459', 'NOUVAN KUSUMA RAMADHAN', 'Laki-laki', 'Pemalang', 'UJUNGGEDE', 'IPS'),
('0015574873', 'VENISA TIARNO', 'Perempuan', 'Pemalang', 'Dusun Balutan', 'IPS'),
('0015574878', 'MUHAMAD IRFAN EDOWARDO', 'Laki-laki', 'Pemalang', 'DUSUN POSONGAN RT 007 RW 003 KEL. PURWOHARJO KEC. ', 'IPA'),
('0015574882', 'MICHELLA GIVANY', 'Perempuan', 'Pekalongan', 'JL. AHMAD YANI NO 48B. DUSUN BALUTAN', 'IPS'),
('0015574887', 'MUHAMMAD REZA IRFANDI', 'Laki-laki', 'Pemalang', 'sidorejo', 'IPA'),
('0015574890', 'ROSSY PRATIWI', 'Perempuan', 'Pekalongan', 'Purwoharjo', 'IPA'),
('0015574891', 'ILHAM ASHARI ADINATA', 'Laki-laki', 'Purworejo', 'PERUM. PURI ASRI JL MERAK NO 48', 'IPS'),
('0015574903', 'DEFITA SULISTYANINGRUM', 'Perempuan', 'Pemalang', 'desa balutan', 'IPS'),
('0015574921', 'ARVIA RAHMA ASIFATUL ZAHRA', 'Perempuan', 'Pemalang', 'Desa Kauman', 'BAHASA'),
('0015574922', 'RIZKI INDAH WATI', 'Perempuan', 'Pemalang', '', 'IPA'),
('0015574925', 'MUHAMMAD RIZQI RIYADI', 'Laki-laki', 'Pemalang', 'Ds. Kauman', 'IPS'),
('0015574968', 'SIANNY GUNAWAN', 'Perempuan', 'Jakarta', 'Dusun Bayatan', 'IPS'),
('0015575022', 'SYIVA AULIA RAHMAH', 'Perempuan', 'Pemalang', 'SERDADI RT 04/RW 09  Gg.MELATI 2 PURWOHARJO COMAL', 'BAHASA'),
('0015575024', 'MUHAMMAD IRFAN ROSYID', 'Laki-laki', 'Pemalang', 'Ds.Serdadi', 'IPS'),
('0015575034', 'MUHAMMAD IMAM BUKHARI', 'Laki-laki', 'PEMALANG', 'Balutan Gg.Kenanga 7 Rt 01/07 Purwoharjo comal', 'IPS'),
('0015575048', 'PIPIT ADELLIA', 'Perempuan', 'Pemalang', 'Balutan Purwoharjo', 'IPA'),
('0015575050', 'NOVIKA NURSHENY RAHMADANI', 'Perempuan', 'Pemalang', 'Jln Kenanga Kode Pos 52363', 'IPS'),
('0015575063', 'VINA RIZQIANA NINGRUM', 'Perempuan', 'Pemalang', 'Dusun 02 Purwosari', 'IPA'),
('0015575099', 'PUTRI RAGILLIYA', 'Perempuan', 'PEMALANG', 'Purwosari', 'BAHASA'),
('0015575100', 'ALYA SAFITRI', 'Perempuan', 'Pemalang', 'Beji Purwosari Comal', 'IPA'),
('0015575101', 'SENO AJI NANDA UTOMO', 'Laki-laki', 'Pemalang', 'Rt:2 Rw:12 dusun sirandu\nDesa Purwosari\nKec. Comal', 'IPS'),
('0015575220', 'KHALIMAH', 'Perempuan', 'Pemalang', 'Dukuh Kendalduwur', 'IPA'),
('0015575359', 'PUTRI IKA SAFIRA', 'Perempuan', 'Pemalang', 'Desa Lowa, RT/RW, 04/02, Comal, Kab. Pemalang, Jat', 'IPA'),
('0015575363', 'WULAN DWI SAFITRI', 'Perempuan', 'Pemalang', 'lowa', 'IPA'),
('0015575387', 'SUCI WIDYASARI', 'Perempuan', 'Pemalang', '', 'IPA'),
('0015575397', 'ISTIG FAROH', 'Perempuan', 'Pemalang', '', 'IPS'),
('0015575533', 'AZZAHRA WULAN SARI', 'Perempuan', 'PEMALANG', 'Desa Sikayu No. 45 RT.02/01', 'BAHASA'),
('0015575547', 'DARMAWAN', 'Laki-laki', 'Pemalang', 'Dusun Lawang', 'IPA'),
('0015575940', 'SITI AISYAH', 'Perempuan', 'Pemalang', 'Dusun Kendal Duwur', 'IPS'),
('0015575946', 'DWI INDAH SAPUTRI', 'Perempuan', 'Pemalang', 'Dk. Kendalduwur', 'IPA'),
('0015575949', 'IBRAHIM YUSUF', 'Laki-laki', 'Pemalang', 'Desa.Sidorejo Rt02/02 Kecamatan.Comal Kabupaten.Pe', 'IPA'),
('0015575951', 'ROMZANAH', 'Perempuan', 'PEKALONGAN', 'gebangkerep', 'IPA'),
('0015575978', 'DWI RETNO RUKILASEH', 'Perempuan', 'Pemalang', 'Desa Gedeg', 'IPA'),
('0015576065', 'TRI SEPTI ANI', 'Perempuan', 'Pemalang', 'DESA GINTUNG RT.13/RW.03', 'IPS'),
('0015576209', 'BRILLIANT DEANOVA', 'Perempuan', 'Pemalang', 'Rt 03/ Rw 02 desa Gandu kecamatan Comal kab. Pemal', 'IPA'),
('0015576214', 'DESTI AYU PANGESTI', 'Perempuan', 'Pemalang', 'Desa Gandu', 'IPS'),
('0015576262', 'NOVITA NURFADILLAH', 'Perempuan', 'Pemalang', 'Desa Ambokulon', 'IPS'),
('0015576268', 'WULAN NUR KHONISAH', 'Perempuan', 'Pemalang', 'Desa Ambokulon', 'IPS'),
('0015576417', 'DEA RAHMA ANIN DITA', 'Perempuan', 'Pemalang', 'Dusun Kabongan', 'IPA'),
('0015576418', 'PANDJI ALAM', 'Laki-laki', 'Pemalang', 'dusun susukan', 'IPA'),
('0015576609', 'RATNA MARSELENA', 'Perempuan', 'Pemalang', 'desa kebojongan', 'IPA'),
('0015576901', 'ISTI SETYOWATI', 'Perempuan', 'Pemalang', 'Desa Kebojongan', 'IPS'),
('0015576952', 'MUHAMAD REZA FAHMI', 'Laki-laki', 'PEMALANG', 'ds wonokromo rt02/rw01 kec comal kab pemalang', 'IPS'),
('0015597766', 'IMELDA DWI OKTAVIANA', 'Perempuan', 'Pemalang', 'Desa Pesucen', 'IPA'),
('0015597898', 'MADHU FRISTY DANOV', 'Perempuan', 'PEMALANG', 'Jl.Nusa Indah petarukan', 'BAHASA'),
('0015598061', 'GITA NAILA SYARIATIKA', 'Perempuan', 'Pemalang', 'Kendaldoyong', 'IPA'),
('0015611998', 'LINDA NUR FATIMATU ZAHRO', 'Perempuan', 'PEMALANG', 'Desa Panjunan', 'IPA'),
('0015612345', 'DIMAS ILHAM SATRIA', 'Laki-laki', 'Pemalang', 'DESA PESUCEN', 'IPA'),
('0015612351', 'ALFIN FAJAR FITRIAN HIDAYAT', 'Laki-laki', 'Pemalang', 'Dusun sisumur Pesucen, RT/RW 3/3', 'BAHASA'),
('0015612597', 'INTAN SARI', 'Perempuan', 'PEMALANG', 'Ds. Panjunan RT 01 RW 04', 'IPA'),
('0015733887', 'HESTIA GITA REZAYI', 'Perempuan', 'Pemalang', 'Kelangdepok', 'IPA'),
('0015973731', 'DEVI YANTI', 'Perempuan', 'Jakarta', 'sidorejo', 'IPS'),
('0016101290', 'ROFIKA LUTFIYYAH NABIILAH', 'Perempuan', 'Pemalang', 'MOJO RT 001 RW 002 DESA MOJO KEC ULUJAMI KAB PEMAL', 'IPA'),
('0016683505', 'ANJALI ROKHIM', 'Laki-laki', 'PEMALANG', 'limbangan', 'IPS'),
('0016910863', 'CANDRA PRADANA ARIFANDI', 'Laki-laki', 'Pemalang', 'Desa Ambowetan RT 003 / Rw 001  Ulujami Pemalang', 'IPA'),
('0016910865', 'ISNA WIDA KHAFIDHO', 'Perempuan', 'Pemalang', 'Desa Ambowetan Rt 003 / Rw 001 Ulujami Pemalang', 'IPS'),
('0016911146', 'ARIF KHAFIFUDIN', 'Laki-laki', 'Pemalang', 'Desa Ambowetan Rt 003 / Rw 001 Kelurahan Ambowetan', 'IPS'),
('0016911150', 'YUSA ANASTASYA', 'Perempuan', 'Pemalang', 'purwoharjo', 'IPS'),
('0016911153', 'DIVA KIRANA DEWI', 'Perempuan', 'Pemalang', 'Ds. Ambowetan', 'IPA'),
('0016911370', 'RETNO PUJI WIJAYANTI', 'Perempuan', 'Pemalang', 'Ds.Blendung', 'IPA'),
('0016912733', 'ARIFATUL LAILINAH', 'Perempuan', 'Pemalang', 'Dusun Mokolan', 'IPA'),
('0016913666', 'RISKI MAULANA', 'Laki-laki', 'Pemalang', 'desa kaiprau', 'IPA'),
('0016915174', 'KRISTANTO JAENURI', 'Laki-laki', 'Pemalang', 'KETAPANG', 'IPA'),
('0016917519', 'SITI FAJAR SEPTIA', 'Perempuan', 'BOGOR', 'Ds. Limbangan', 'IPA'),
('0016918086', 'NAJMAH ALIYAH NURHIDAYAH', 'Perempuan', 'Pemalang', 'Limbangan RT/RW 3/7', 'IPA'),
('0016931544', 'RAMA INDAH YULI ASTUTI', 'Perempuan', 'PEMALANG', 'DK. SIGEDANG', 'IPA'),
('0016932719', 'MUFID MAKANTAR', 'Laki-laki', 'PEMALANG', 'Desa Mojo Rt 002/Rw 003', 'IPA'),
('0016939107', 'ELSA NUR HANDAYANI', 'Perempuan', 'PEMALANG', 'DK. KARANGSAMBUNG', 'IPS'),
('0016996886', 'HAPPY RAMADHANI ARIO SETIYONO', 'Laki-laki', 'Pemalang', 'PAMUTIH', 'IPS'),
('0016998974', 'SITI ROBIAH', 'Perempuan', 'Pemalang', 'PAMUTIH', 'IPA'),
('0016999395', 'SALAM NORKHASANAH', 'Perempuan', 'Pemalang', 'Pesantren', 'IPS'),
('0017010148', 'RISNA KHARISMA', 'Perempuan', 'Pemalang', 'Ds. Rowosari Kec. Ulujami Kab. Pemalang', 'IPA'),
('0017010154', 'RIZKY FIRMANSYAH', 'Laki-laki', 'Jakarta', 'Ds.Rowosari', 'IPS'),
('0017010155', 'ARUM DWI NANDA', 'Perempuan', 'Pemalang', 'Ds.Rowosari Kec.Ulujami Kab.Pemalang', 'IPA'),
('0017010999', 'VIGI AYU OKTAVIANI', 'Perempuan', 'Pemalang', 'dusun pangkah', 'IPA'),
('0017011001', 'NINDIANA OKTA AULIYA', 'Perempuan', 'Pemalang', 'Desa samong', 'IPS'),
('0017011125', 'LINTANG NAWA WULAN', 'Perempuan', 'PEMALANG', 'Desa Samong', 'IPA'),
('0017011130', 'WULAN NADZIFA', 'Perempuan', 'Pemalang', 'desa samong', 'IPS'),
('0017011511', 'HARIS DARMAWAN', 'Laki-laki', 'Pemalang', 'Desa Tasikrejo', 'IPA'),
('0017011755', 'TRI AYU SETYANINGSIH', 'Perempuan', 'Pemalang', 'Ds.Pamutih', 'IPA'),
('0017011997', 'ABDU MALIK ARDIANSYAH', 'Laki-laki', 'PEMALANG', 'Desa Kertosari', 'IPS'),
('0017231267', 'KADEK DWI NOTARIAWAN PRIYANSYA', 'Laki-laki', 'Pekalongan', 'Ds. Rowosari RT.002 RW.002 Kec. Ulujami', 'IPA'),
('0017349539', 'ALVIA NUR FITRIANI', 'Perempuan', 'Pemalang', 'Jalan Raya Pagenteran-pulosari', 'BAHASA'),
('0017569083', 'BIAS SAFANA', 'Perempuan', 'Pemalang', 'Ujunggede', 'IPS'),
('0017766982', 'CANDRA ADHITYA', 'Laki-laki', 'Pemalang', 'Dusun Tegalan', 'IPS'),
('0017855188', 'TEOFILUS GAGAH VESTIANNADA', 'Laki-laki', 'Pekalongan', 'DUSUN GEDANGAN', 'IPA'),
('0019124060', 'WISNU WARDANA', 'Laki-laki', 'Klaten', 'Dusun Tunggul No. 12', 'IPS'),
('0019309498', 'IZZA FAUZIAH', 'Perempuan', 'Pemalang', 'Ds.sukorejo Kec.ulujami Kab.pemalang RT.02 RW.03 N', 'IPA'),
('0019560563', 'NISA ARDIYANTI', 'Perempuan', 'Pemalang', 'Desa Mojo', 'IPA'),
('0020193427', 'ALDILASE ADIB FARADIBA', 'Perempuan', 'Pemalang', 'Dusun Kendakduwur', 'IPS'),
('0020245215', 'LUQMAN HARUN AL-ROSHID', 'Laki-laki', 'Pemalang', 'Desa Mojo', 'IPS'),
('0020245681', 'RIFKI ILHAM AFRIANSYAH SURYONO', 'Laki-laki', 'Pemalang', 'desa pecangakan', 'IPA'),
('0020491990', 'ARZETI TANZANIA', 'Perempuan', 'PEMALANG', 'SIDOREJO', 'IPA'),
('0020533933', 'EVEN EIDEN', 'Laki-laki', 'Bekasi', 'purwoharjo', 'IPA'),
('0020633773', 'MOHAMAD ALIF ARSYI ARDHI', 'Laki-laki', 'PEMALANG', '', 'IPA'),
('0020637112', 'TITIARTI NABILLA', 'Perempuan', 'JAKARTA', 'jalan karya bakti', 'IPS'),
('0020651284', 'HANGGARA ARSA PUTRA', 'Laki-laki', 'Pontianak', 'Komp. Manday Lestari Permai No B 29', 'IPA'),
('0021399511', 'M. AMRAN ABDU ROSYID', 'Laki-laki', 'Pemalang', 'Desa Karangbrai', 'IPA'),
('0021399779', 'YUNITA AYU WIDIAWATI', 'Perempuan', 'Pemalang', 'desa kebandungan', 'IPS'),
('0021399837', 'SANTI ISNAENI', 'Perempuan', 'Pemalang', 'kebandaran', 'IPS'),
('0021399841', 'ERFINA AULIA NOVANI', 'Perempuan', 'Pemalang', 'kebandaran', 'IPS'),
('0021399899', 'PRAMESTINING TYAS', 'Perempuan', 'PEMALANG', 'dukuh kerajan', 'IPS'),
('0021399932', 'KIEMAL GRAVITA ZAHRA', 'Perempuan', 'Pemalang', 'Desa Babakan,Kecamatan Bodeh,Kabupaten Pemalang', 'IPA'),
('0021410005', 'SALMA DIAH KURNIAWATI', 'Perempuan', 'Pemalang', 'Jatingarang', 'IPA'),
('0021410195', 'ISNA AZMIAZIS', 'Perempuan', 'Pemalang', 'DS.BODEH', 'IPS'),
('0021410269', 'FANNY MAULANA RIZKY SAPUTRA', 'Perempuan', 'Pemalang', 'G.g Kresna', 'IPS'),
('0021410389', 'DIAS ANNISAA PANGESTI', 'Perempuan', 'Magelang', 'Desa Muncang', 'IPS'),
('0021410723', 'ZAFILLY HAQUE PUTRI DOW', 'Perempuan', 'Pekalongan', 'Desa Mrican', 'IPS'),
('0021410727', 'MUFTIARANI', 'Perempuan', 'Pemalang', 'Jl. Desa Muncang', 'IPS'),
('0021410731', 'GILANG BAGUS PRAYOGI', 'Laki-laki', 'Pemalang', 'Ds. Muncang-Kec. Bodeh-Kab. Pemalang', 'IPA'),
('0021433455', 'ZAKY FIRMANSYAH', 'Laki-laki', 'Pemalang', 'Desa Mrican', 'BAHASA'),
('0021474622', 'PUTRI MILA HUDIANA', 'Perempuan', 'Pemalang', 'Ds kebagusan rt 011/002 kec ampelgading kab pemala', 'BAHASA'),
('0021474759', 'KUSRIYAH MULANDARI', 'Perempuan', 'PEMALANG', 'desa wonogiri', 'IPA'),
('0021474774', 'HESTI ENDRAWATI', 'Perempuan', 'PEMALANG', 'dusun gendek desa blimbing', 'IPS'),
('0021474775', 'ELISA  DYAH KUSUMA DAMAYANTI', 'Perempuan', 'Pemalang', 'Wonogiri', 'IPS'),
('0021474838', 'FADHILAH ALAWIYAH', 'Perempuan', 'PEMALANG', 'Jl.R.A Kartini', 'IPA'),
('0021474840', 'WULAN OKTAVIANI', 'Perempuan', 'Pemalang', 'GG.MAWAR II', 'IPA'),
('0021474842', 'YAN NAUFAL HANDINI', 'Perempuan', 'Tulungagung', 'BANGLARANGAN', 'IPA'),
('0021474848', 'SHELVIA FEBBY VIOLA', 'Perempuan', 'PEMALANG', 'Desa Banglarangan', 'IPA'),
('0021474858', 'SITI FARIATUN ISMA', 'Perempuan', 'PEMALANG', 'desa banglarangan', 'IPA'),
('0021474877', 'AMELIA RAHMAWATI', 'Perempuan', 'Pemalang', '', 'IPA'),
('0021474952', 'HAFIIDH BUDI LEKSONO', 'Laki-laki', 'Pemalang', 'DESA CIBIYUK', 'IPA'),
('0021474990', 'FIRGIAWAN AL-HAQ', 'Laki-laki', 'Pemalang', 'jatirejo', 'IPS'),
('0021474995', 'HAFID MUSTAKIM', 'Laki-laki', 'Pemalang', 'Desa Jatirejo  RT3 RW2 Kec.Ampelgading Kab.Pemalan', 'IPA'),
('0021475084', 'RIFKI ARDIANSYAH', 'Laki-laki', 'Pemalang', 'Desa Karang Talok', 'IPA'),
('0021475094', 'MUHAMMAD ILHAM AINALYAQIN', 'Laki-laki', 'Pemalang', 'Desa Karangtengah', 'IPA'),
('0021475096', 'EKA NURHIDAYATI HUSNA', 'Perempuan', 'Pemalang', 'Jl. Gulisari', 'IPA'),
('0021475111', 'ALVITO FIRMANSYAH', 'Laki-laki', 'Pemalang', 'DS. KARANGTENGAH RT.08 RW.02 KEC. AMPELGADING -  P', 'IPA'),
('0021499785', 'ROFI LUTFIANI', 'Perempuan', 'Pemalang', 'Desa kebagusan RT 002/RW 001 kecamatan ampelgading', 'IPS'),
('0021499802', 'RORO EKA NURYANTI', 'Perempuan', 'PEMALANG', 'plondongan', 'IPA'),
('0021499828', 'CANTIKA MAHARANI', 'Perempuan', 'Pemalang', '', 'IPS'),
('0021499856', 'FADHILLAH PADMANABA FAUZI', 'Laki-laki', 'Pemalang', '', 'IPA'),
('0021499865', 'TYAS AKBAR SATRIO', 'Laki-laki', 'Pemalang', 'DUKUH SELATAN', 'IPA'),
('0021499900', 'NUR HIKMAHYATI', 'Perempuan', 'Pemalang', 'Desa Sidokare', 'IPA'),
('0021510150', 'LUTFIANA FEBRIANTI', 'Perempuan', 'PEMALANG', 'DESA AMPELGADING', 'IPA'),
('0021510151', 'URFI FESTIANI', 'Perempuan', 'PEMALANG', 'jalan raya desa ampelgading', 'IPA'),
('0021510391', 'ANNISA RISKA YANTI', 'Perempuan', 'JAKARTA', 'desa Ujunggede dusun Ujunggede', 'BAHASA'),
('0021510398', 'NABILA ABRORIYYAH', 'Perempuan', 'PEMALANG', 'ujunggede', 'IPS'),
('0021510400', 'AN GITA KHUSNUL KHOTIMAH', 'Perempuan', 'Pemalang', 'Gang Arjuna', 'IPA'),
('0021510403', 'MAY SHELIAN STEGO', 'Perempuan', 'Pemalang', 'Dk. Ujunggede', 'IPA'),
('0021654214', 'INTAN AYU CHUSNIYAWATI', 'Perempuan', 'Pemalang', 'JL. JALAK NO. 26 PURI ASRI DESA PURWOSARI', 'IPS'),
('0021654221', 'DIVA UMI HANIK', 'Perempuan', 'Pemalang', 'Jl Gatot Subroto No 39', 'IPA'),
('0021654223', 'RIZKI WINARTI', 'Perempuan', 'Jakarta', 'Dusun I', 'IPA'),
('0021654230', 'LAVENIA OLGA MUSTIKA SARISIH', 'Perempuan', 'Pemalang', 'Jl. Stasiun KA. 10', 'IPA'),
('0021654232', 'ANTONIUS CARLOS WILLARDO SIMAR', 'Laki-laki', 'Pemalang', 'JL ELANG NO.3 PURI ASRI', 'IPA'),
('0021654240', 'TRIXIE IGNACIA MICHAELA', 'Perempuan', 'Pemalang', 'Beji', 'IPS'),
('0021654241', 'ARMANDO SATRIA NIRVANA', 'Laki-laki', 'Pemalang', 'Purwosari', 'IPS'),
('0021654244', 'MICHELLE AYU SILVIA', 'Perempuan', 'Pemalang', 'Jl.A.Yani Gang.Seruni III No.6', 'IPS'),
('0021654247', 'HANIN', 'Perempuan', 'Pemalang', 'Dusun Balutan Purwoharjo', 'IPA'),
('0021654248', 'HANAN', 'Perempuan', 'Pemalang', 'Dusun Balutan Purwoharjo', 'IPA'),
('0021654263', 'LAFI', 'Laki-laki', 'Pemalang', 'balutan', 'IPA'),
('0021654275', 'GALANG WAHYU RAMADHAN', 'Laki-laki', 'Pemalang', 'Jalan Jend.Gatot Subroto no.27', 'IPS'),
('0021654276', 'SALSABILAH JANNAH', 'Perempuan', 'Pekalongan', 'Dusun Balutan Purwoharjo', 'IPS'),
('0021654277', 'SALVANIA ZAIRA FEBRIANA', 'Perempuan', 'Pemalang', 'Dusun Balutan', 'IPA'),
('0021654282', 'SAFIRA PUTRI MAHIRA', 'Perempuan', 'Pemalang', 'balutan', 'IPA'),
('0021654306', 'HENY ANIDHAA', 'Perempuan', 'Pemalang', 'Desa Kauman', 'IPA'),
('0021654320', 'ENDAH MAULIDAH', 'Perempuan', 'Pemalang', 'Ds. Kauman', 'IPS'),
('0021654323', 'YULIA RAHMAWATI', 'Perempuan', 'Pemalang', 'Ds. Kauman', 'IPA'),
('0021654325', 'ARRUM MUKHLISH FATHONAH', 'Perempuan', 'Pemalang', 'DESA KAUMAN RT.02/RW.02', 'IPA'),
('0021654326', 'RADEN AJENG WULANDARI', 'Perempuan', 'Pemalang', 'Desa Kauman', 'IPA'),
('0021654329', 'RISKA AULIA PRATIWI', 'Perempuan', 'Pemalang', 'surodadi purwoharjo comal', 'IPS'),
('0021654420', 'KHUMALA AZZAHRHA', 'Perempuan', 'Pemalang', 'Ds. Purwosari', 'BAHASA'),
('0021654425', 'BERLIANA BARKAH', 'Perempuan', 'PEMALANG', 'jalan gatot subroto', 'IPS'),
('0021654481', 'NATASYA KURNIAWATY KHASANAH', 'Perempuan', 'Pemalang', 'Dusun Serdadi', 'IPA'),
('0021654482', 'MUH. ARSYI FADHLI', 'Laki-laki', 'PEMALANG', 'Dusun Serdadi', 'BAHASA'),
('0021654483', 'ANINDA ALIEFATUL HIDAYAH', 'Perempuan', 'Pemalang', 'Ds. Kauman', 'IPA'),
('0021654484', 'RIZKI AMALIA', 'Perempuan', 'Pemalang', 'Kauman', 'IPA'),
('0021654497', 'INTAN MELIANA AGUSTIN', 'Perempuan', 'Pemalang', 'DESA KAUMAN', 'IPS'),
('0021654522', 'MUHAMMAD MAGHFUR', 'Laki-laki', 'Pemalang', 'Dusun Balutan', 'IPA'),
('0021654525', 'AGELLA  FADIYAH', 'Perempuan', 'Pemalang', 'Desa Kauman', 'IPA'),
('0021654541', 'ZIDAN VIERI WIJAYA', 'Laki-laki', 'Pemalang', 'DUSUN KENDAL DUWUR SIDOREJO', 'IPA'),
('0021654543', 'ZENDY FIRMANSYAH', 'Laki-laki', 'BATANG', 'Dusun 05 Bejagan Purwosari', 'IPA'),
('0021654546', 'MEILINDA WULANDARI', 'Perempuan', 'Pemalang', 'dusun bejagan', 'IPA'),
('0021654547', 'BAGAS ARYA SAPUTRA', 'Laki-laki', 'Pemalang', 'Jl.teratai raya,bayatan', 'IPA'),
('0021654548', 'TAQIY RIZQI JAGAD SAMUDRA', 'Laki-laki', 'Pemalang', 'dukuh pamutih', 'IPS'),
('0021654551', 'RANTIKA BINTANG THIFALLEA', 'Perempuan', 'Pemalang', 'Dukuh Purwosari', 'IPA'),
('0021654552', 'MITA AMELIA', 'Perempuan', 'Pemalang', 'Dusun 01 Purwosari', 'IPA'),
('0021654555', 'SALMA AULIA PUTRI', 'Perempuan', 'PEMALANG', 'Jln. Elang No. 31 Puriasri', 'IPA'),
('0021654556', 'NADIFATUL A''YUN', 'Perempuan', 'Pemalang', 'Jl. Merak No. 3 Puri Asri', 'IPA'),
('0021654564', 'BAYU AJI NUGROHO', 'Laki-laki', 'Pemalang', 'Desa Purwosari, Beji, RT 001 RW 020 Kec. Comal Kab', 'IPS'),
('0021654570', 'WITA PUTRI SAGITA', 'Perempuan', 'Pemalang', 'Purwosari', 'BAHASA'),
('0021654594', 'PUTRI DWI UTAMI', 'Perempuan', 'Pemalang', 'Dukuh Purwosari', 'IPS'),
('0021654609', 'HARITS SAIFULLAH BASITH', 'Laki-laki', 'Purwokerto', 'Dsn. VI', 'IPA'),
('0021654627', 'MIRA AGATA', 'Perempuan', 'PEMALANG', 'Desa Purwosari rt 01 rw 07 dusun 4 Kec. Comal Kab.', 'IPS'),
('0021654629', 'INTI AISHA', 'Perempuan', 'PEMALANG', 'Dusun 04 Purwosari', 'BAHASA'),
('0021654673', 'NUR IKA SUKMAWATI', 'Perempuan', 'Pemalang', 'bejagan', 'IPA'),
('0021654731', 'POETRI KINANTI', 'Perempuan', 'Pemalang', 'Dusun Kendal Duwur', 'IPA'),
('0021654732', 'IIN ROHMANIAH', 'Perempuan', 'Jakarta', 'dusun kedawung', 'IPA'),
('0021654733', 'HILDA LUTFIANA', 'Perempuan', 'Pemalang', 'sidorejo', 'IPA'),
('0021654738', 'VINA HADI KUSUMARINI', 'Perempuan', 'Pemalang', 'Dusun Kedawung', 'IPA'),
('0021654739', 'DWIHANA PUTRI AZZAHROH', 'Perempuan', 'Pemalang', 'Dukuh Kendalduwur', 'IPS'),
('0021654741', 'NAFIATUL AYU NAZILAH', 'Perempuan', 'Pemalang', 'Dusun Kendalduwur Desa Sidorejo', 'IPS'),
('0021654744', 'FITRI YULIANTI', 'Perempuan', 'Pemalang', 'Desa Sidorejo', 'IPS'),
('0021654746', 'VERA ZALIYANTI', 'Perempuan', 'Pemalang', 'Desa Sidorejo', 'IPA'),
('0021654834', 'KHOLIFATUL HIKMAH', 'Perempuan', 'Pemalang', 'Ds. Lowa', 'IPS'),
('0021654835', 'FIRDA FAUZU MARNIS', 'Perempuan', 'Pemalang', 'lowa', 'BAHASA'),
('0021654838', 'DIAH EKA PRIYANTI', 'Perempuan', 'Pemalang', 'Dukuh Kedawung', 'IPS'),
('0021654841', 'FITA FATMAWATI', 'Perempuan', 'Pemalang', 'Desa Lowa, RT/RW, 03/02, Comal, Kab. Pemalang, Jaw', 'IPS'),
('0021654908', 'NABILA KHAIRUNISA', 'Perempuan', 'Pemalang', 'Desa Sidorejo', 'IPA'),
('0021654990', 'SYARAFINA FILDZAH', 'Perempuan', 'Pemalang', 'dusun gebyog purwoharjo', 'IPA'),
('0021654991', 'MEGA AYU ESTI NINGSIH', 'Perempuan', 'PEMALANG', 'dusun 2', 'BAHASA'),
('0021655021', 'DESTI RAHMAWATI', 'Perempuan', 'Pemalang', 'DUSUN LAWANG', 'BAHASA'),
('0021655028', 'LIVIA NUR AINI', 'Perempuan', 'Pemalang', 'Dusun Sikayu', 'IPA'),
('0021655085', 'NURUL QONITA', 'Perempuan', 'Pemalang', 'Dukuh', 'IPA'),
('0021655137', 'RIZQITA PRAMA ARTI', 'Perempuan', 'Pemalang', 'DUSUN 3 PECANGAKAN', 'IPA'),
('0021655432', 'DIAN AFRY ALFARIZI', 'Laki-laki', 'PEMALANG', 'DUSUN SIJERUK TUMBAL', 'IPA'),
('0021655485', 'HEPPY INDAH SEPTIANI', 'Perempuan', 'Pemalang', 'Dusun 4 Kaso', 'IPA'),
('0021655491', 'FERA NUR AZZAH', 'Perempuan', 'Pemalang', 'sidorejo', 'IPA'),
('0021655494', 'LIYA FITRIYANI', 'Perempuan', 'Pemalang', '', 'IPS'),
('0021655500', 'RANI APRIL LIYANI', 'Perempuan', 'Pemalang', 'Desa Sidorejo Rt/Rw 002/002 Kecamatan Comal - Pema', 'IPA'),
('0021655504', 'ALFAN KASYFIL AZIZ', 'Laki-laki', 'Pemalang', '', 'IPS'),
('0021655510', 'WAFIQ AZIZAH', 'Perempuan', 'Pemalang', 'Desa Sidorejo', 'IPS'),
('0021655515', 'ILHAM YUSUF', 'Laki-laki', 'Pemalang', 'Desa. Sidorejo RT 02/02, Kec. Comal, Kab. Pemalang', 'IPA'),
('0021655524', 'WINATA PRASETIO', 'Laki-laki', 'Pemalang', 'dusun 2 gedeg', 'IPS'),
('0021655526', 'TANTI RATNA SARI', 'Perempuan', 'Pemalang', 'Desa Gedeg RT 02/RW 01 Kecamatan Comal', 'IPA'),
('0021655549', 'ADHIESTA NURWIDYA ASTHAKA', 'Laki-laki', 'Pemalang', 'Desa Gedeg Rt7 Rw2 kecamatan Comal kabupaten Pemal', 'IPA'),
('0021655550', 'RIZQI NUR AFIYAH', 'Perempuan', 'Pemalang', 'desa Gedeg Rt01 Rw01 kec.Comal Kab.Pemalang', 'IPA'),
('0021655551', 'DIDAN SULAIMAN', 'Laki-laki', 'Pemalang', 'ds sidorejo ,Rt 05/03', 'IPA'),
('0021655554', 'NADIA AGIL MAULADINA', 'Perempuan', 'Pemalang', 'Ds. Gedeg, Kec. Comal, Kab. Pemalang', 'IPA'),
('0021655559', 'PUTRI KARUNIA', 'Perempuan', 'Pemalang', 'desa gedeg RT 07 RW 02 KECAMATAN COMAL', 'IPA'),
('0021655681', 'NANDA UTAMI', 'Perempuan', 'Pemalang', '', 'IPA'),
('0021655702', 'NOVITA UMI NURHIDAYAH', 'Perempuan', 'Pemalang', 'Jalan Raya Desa Gandu', 'IPS'),
('0021655729', 'RIZKI AYU WULANDARI', 'Perempuan', 'Pemalang', 'Ds.Gandu RT.03/RW 03 Kec.Comal Kab.Pemalang', 'IPS'),
('0021655731', 'BAGAS DIAR SAPUTRA', 'Laki-laki', 'Pemalang', 'DUSUN  II', 'IPA'),
('0021655732', 'PUSPITA WARIH AYUNINGTYAS', 'Perempuan', 'Pemalang', 'Dusun 1 Desa Gandu', 'IPA'),
('0021655739', 'RAIHAN KAUTSAR', 'Laki-laki', 'Pemalang', 'Dusun 01', 'IPS'),
('0021655774', 'RISMA ANINDA', 'Perempuan', 'Pekalongan', 'Desa Kauman RT 03/RW 05 Kecamatan Comal', 'IPA'),
('0021655778', 'NADHOFATUR RIZQI', 'Perempuan', 'Pemalang', 'desa kauman', 'IPA'),
('0021655804', 'MURTONO', 'Laki-laki', 'Pemalang', 'dusun 3 sarwodadi', 'BAHASA'),
('0021655809', 'INDRA SETYAWATI', 'Perempuan', 'Pemalang', 'Ds.Sarwodadi', 'IPS'),
('0021655896', 'VANTI IFROKAH', 'Perempuan', 'Pemalang', 'desa susukan', 'IPA'),
('0021655898', 'LELA INDAWATI', 'Perempuan', 'Pemalang', 'Dusun Kabongan', 'IPA'),
('0021655909', 'ADITYA NUR HIDAYAT', 'Laki-laki', 'Pemalang', 'Dukuh Tunggul', 'IPA'),
('0021655915', 'RELIX CHINTYA FIKA NURILAH', 'Perempuan', 'Pemalang', 'Desa susukan', 'IPA'),
('0021655916', 'MUGI HANDAYANI', 'Perempuan', 'Pemalang', 'kabongan desa susukan', 'IPA'),
('0021655922', 'AFIKA KHOIRUN NISA', 'Perempuan', 'Pemalang', 'dusun tunggul susukan', 'BAHASA'),
('0021655968', 'MUNASHIFAH YUNI HASTUTI', 'Perempuan', 'Pemalang', 'dusun susukan', 'IPA'),
('0021655972', 'KUKUH ADI NUGROHO', 'Laki-laki', 'Pemalang', 'Ds. Susukan', 'IPS'),
('0021656013', 'RISMA PANCA WATI', 'Perempuan', 'Pemalang', 'desa susukan', 'IPS'),
('0021656055', 'SELVIA DEWI SAGITA', 'Perempuan', 'Pemalang', 'DUSUN 1 KLEGEN', 'BAHASA'),
('0021656118', 'SILVI LISMA WANTI', 'Perempuan', 'Pemalang', 'Desa Kendaldoyong', 'IPS'),
('0021656131', 'RIZKI ZAHROH SYAFAQOH', 'Perempuan', 'Pemalang', 'jalan menur abadi desa kebojongan dukuh kebukuran', 'IPS'),
('0021656132', 'HERI DWIYANTO', 'Laki-laki', 'Pemalang', 'dusun kebukuran', 'IPA'),
('0021656137', 'UMI SAIDAH', 'Perempuan', 'Pemalang', 'DS kebojongan', 'IPS'),
('0021656223', 'YUNI NURLATIFAH SARI', 'Perempuan', 'Pemalang', 'Ds. Kebojongan RT 07 RW 01', 'IPA'),
('0021656427', 'RONI NAFIS HIDAYAT', 'Laki-laki', 'Pemalang', 'Desa Wonokromo', 'IPA'),
('0021656453', 'PUTIK INTAN SETIYANI', 'Perempuan', 'Pemalang', 'Ds.wonokromo', 'IPS'),
('0021656461', 'TRIA FEBRIANA', 'Perempuan', 'Pemalang', 'wonokromo', 'IPA'),
('0021692758', 'NURUL KHAIRUNISA', 'Perempuan', 'PEMALANG', 'DUSUN RANDUSARI', 'IPA'),
('0021692760', 'MAR`ATUN SOLIKHAH', 'Perempuan', 'Pemalang', 'Desa Kalirandu', 'IPA'),
('0021693796', 'LINTANG PRAMESTI', 'Perempuan', 'PEMALANG', 'Jalan Manduro No 11 RT.002  RW.001 Klareyan Petaru', 'IPS'),
('0021695033', 'INTAN ASYIFA MAULA', 'Perempuan', 'Pemalang', 'desa klareyan rt 02/04, kecamatan petarukan, kabup', 'IPA'),
('0021695793', 'LAILA ROSAYANTI', 'Perempuan', 'Pemalang,', 'DUSUN KEDUNG WUNGU KALIRANDU', 'BAHASA'),
('0021695794', 'LAILI ROSIYANTI', 'Perempuan', 'Pemalang', 'DUSUN KEDUNG WUNGU KALIRANDU', 'IPA'),
('0021711633', 'NUR KHOFIFAH', 'Perempuan', 'Pemalang', 'widodaren', 'IPA'),
('0021711981', 'FADILLA JULIA ROSSA', 'Perempuan', 'PEMALANG', 'KENDALSARI', 'IPS'),
('0021711988', 'VIOLA LARASITO', 'Perempuan', 'PEMALANG', 'Kendalsari RT004/RW002,  Kecamatan Petarukan ,Kab.', 'IPS'),
('0021928805', 'RAHMAT WIJAYA', 'Laki-laki', 'Pekalongan', 'Dukuh Winong', 'IPA'),
('0022142234', 'DISKA AURA INKAPUTRI', 'Perempuan', 'Pemalang', 'Dusun Kabongan', 'IPA'),
('0022171798', 'WULAN PURIASIH', 'Perempuan', 'SERANG', 'mojo', 'IPA'),
('0022695802', 'SULISTYOWATI', 'Perempuan', 'Bekasi', 'Jl. Raya Kebalen', 'BAHASA'),
('0022998686', 'MOH. RADJIN PANGESTU', 'Laki-laki', 'Pekalongan', 'Dusun II Ambokulon', 'IPA'),
('0023067432', 'SITI ZACHRATUN NIKMAH', 'Perempuan', 'Pemalang', 'gandu', 'IPS'),
('0023077308', 'ROSIANA AL SABAAH', 'Perempuan', 'PEMALANG', 'JL.Raya Tlagasana', 'BAHASA'),
('0023277531', 'HUSEIN KAMAL', 'Laki-laki', 'Pemalang', 'Desa Ambowetan RT 003 / RW 003  Ulujami Pemalang', 'IPA'),
('0023277866', 'UMI AINUN MAGHFUROH', 'Perempuan', 'Pemalang', 'ambowetan', 'IPA'),
('0023277881', 'SHERLY ARYANTI', 'Perempuan', 'Pemalang', 'ambowetan', 'IPA'),
('0023278042', 'KURNIA ARDIANSYAH', 'Laki-laki', 'Pemalang', 'Blendung', 'IPS'),
('0023278268', 'DWI RISMALASARI', 'Perempuan', 'Pemalang', 'blendung', 'IPA'),
('0023278909', 'LIA FADHILA', 'Perempuan', 'Pemalang', 'Botekan', 'IPA'),
('0023290618', 'MUHAMMAD SYAIFUL HUDA', 'Laki-laki', 'Pemalang', 'Desa Bumirejo', 'IPA'),
('0023290626', 'NINDYA PUSPITA DEWANTI', 'Perempuan', 'Pemalang', '', 'IPS'),
('0023291876', 'IKA ADITYANING YUDIAWATI', 'Perempuan', 'Pemalang', 'Desa Kaliprau, RT/RW 03/04 , Ulujami, Kab. Pemalan', 'IPA'),
('0023291887', 'TIKA INDAH SARI', 'Perempuan', 'Pemalang', 'Desa Kaliprau, RT/RW 04/04, Ulujami, Kab.Pemalang,', 'IPS'),
('0023292017', 'DILA TRINISA', 'Perempuan', 'Pemalang', 'RT/RW 3/6, Desa Kaliprau, Kec. Ulujami, Kab. Pemal', 'IPA'),
('0023293580', 'NIAFA AZZAHRAH', 'Perempuan', 'PEMALANG', 'ketapang', 'IPS'),
('0023293589', 'CHESSA TANIA ANGGRAENI', 'Perempuan', 'Pemalang', 'KETAPANG', 'IPS'),
('0023295518', 'VITA NUR FAUZIAH', 'Perempuan', 'PEMALANG', 'LIMBANGAN', 'IPA'),
('0023295521', 'WAHYUNI PUTRI SUNU DEWI', 'Perempuan', 'PEKALONGAN', 'LIMBANGAN', 'IPA'),
('0023295526', 'MAYLYA ISNAENI', 'Perempuan', 'PEMALANG', 'Dusun Gumingsir', 'IPA'),
('0023298901', 'AJENG SANITAQUIN', 'Perempuan', 'Pemalang', 'Desa Mojo', 'IPA'),
('0023299417', 'RIZKY CANDRA SAPUTRA', 'Laki-laki', 'Pemalang', 'mojo', 'IPA'),
('0023318554', 'IKHSAN MAULANA', 'Laki-laki', 'Pemalang', 'padek', 'IPA'),
('0023318719', 'KHOIRUNNISA', 'Perempuan', 'Pemalang', 'Desa Gandu', 'IPA'),
('0023318730', 'ILUL MAGHFIROH', 'Perempuan', 'Pemalang', 'desa pagergunung', 'IPS'),
('0023319139', 'CERRY TAMARA', 'Perempuan', 'Pemalang', 'desa pagergunung', 'IPS'),
('0023319230', 'ROSYID AMIR SANIYASMORO', 'Laki-laki', 'Pemalang', '', 'IPA'),
('0023319252', 'AHADIAH NURUL IFADA', 'Perempuan', 'Pekalongan', 'DUSUN REMBUN LOR', 'IPA'),
('0023411473', 'CANDRA TRI BUANA', 'Laki-laki', 'PEMALANG', 'DUSUN IV KIONG NO.09', 'IPS'),
('0023411501', 'KERTI AZIZAH', 'Perempuan', 'Pemalang', 'desa pamutih', 'IPA'),
('0023411714', 'ALFIANA YULIA PUTRI', 'Perempuan', 'Pemalang', 'Pamutih', 'IPA'),
('0023412105', 'FIFKI FAQHIKHUDIN', 'Laki-laki', 'Pemalang', 'Dukuh Kauman Desa Pesantren', 'IPA'),
('0023412927', 'FIKRI AZZAQI', 'Laki-laki', 'Pemalang', 'jl bandaran desa rowosari', 'IPS'),
('0023413424', 'SILVIANA PUTRI', 'Perempuan', 'Pemalang', 'rowosari', 'IPS'),
('0023413537', 'LOLITA EKA DWI PRATIWI', 'Perempuan', 'Pemalang', 'sidomukti', 'IPS'),
('0023413540', 'MELVY AYU UTOMO', 'Perempuan', 'Pemalang', 'ds.samong kec.ulujami kab.pemalang', 'IPS'),
('0023413951', 'DIMAS NUR ALIF', 'Laki-laki', 'Pemalang', 'dukuh temuireng', 'IPA'),
('0023414141', 'SITI KHOLILA', 'Perempuan', 'Pemalang', 'desa wiyorowetan', 'IPS'),
('0023414147', 'EVI KURNIASIH', 'Perempuan', 'Pemalang', 'Desa Wiyorowetan', 'IPA'),
('0023414148', 'SEKAR DWI FEBRIYANTI', 'Perempuan', 'Pemalang', 'desa wiyorowetan', 'IPS'),
('0023414223', 'M. IRFAN SYAH', 'Laki-laki', 'Pemalang', 'DESA PAMUTIH', 'IPS'),
('0023414420', 'NADINE AISYA SHAKIRA', 'Perempuan', 'Pekalongan', 'Desa Pamutih', 'IPS'),
('0023414860', 'ISNAENI', 'Perempuan', 'Pemalang', 'desa padek', 'IPA'),
('0023453314', 'MELINDA FADYAH ZAHRA', 'Perempuan', 'Pemalang', '04/03 Ds. Pagerpunung', 'BAHASA'),
('002413997', 'PIPIT SEPTIYANI', 'Perempuan', 'PEMALANG', 'TASIKREJO', 'IPS'),
('0024140314', 'SHOFA INAS ARSYLLAH', 'Perempuan', 'Pemalang', 'Dusun Saran, Ds. Sukorejo', 'IPA'),
('0024259458', 'NADELLA PUTRI ALFIYANI', 'Perempuan', 'Pekalongan', 'Desa Beji', 'IPS'),
('0024274273', 'DWI ARIYANI', 'Perempuan', 'PEKALONGAN', 'Desa Gebangkerep', 'IPA'),
('0024422133', 'ANNA WHILLIYANTI', 'Perempuan', 'PEMALANG', 'Loning', 'IPA'),
('0026385683', 'MUHAMMAD BACHRIL ATHOK', 'Laki-laki', 'Pemalang', 'Kendalduwur', 'IPA'),
('0026481687', 'ULLUM DARMAWAN', 'Laki-laki', 'Pemalang', 'Sikayu', 'IPA'),
('0026637714', 'AYU SETIA RINI', 'Perempuan', 'PEKALONGAN', 'Desa Bulakpelem', 'IPS'),
('0026652395', 'SELLY ADISTYA PRATIWI', 'Perempuan', 'PEKALONGAN', 'KRASAKAGENG', 'IPA'),
('0026652403', 'BAGUS FAHMI ARDIANSYAH', 'Laki-laki', 'Pekalongan', 'Krasakageng', 'IPS'),
('0026654323', 'CAHAYA NENGGAR TRIE MEILITA', 'Perempuan', 'JAKARTA', 'Desa Tegalsuruh', 'IPA'),
('0026658266', 'DINDA AYU QOMARIYAH', 'Perempuan', 'PEKALONGAN', 'Desa Gebangkerep', 'IPA'),
('0026658943', 'META FEBRIANTI', 'Perempuan', 'PEKALONGAN', 'Dukuh Krandon Desa Sijeruk', 'IPS'),
('0026658957', 'TINA SUKMAWATI', 'Perempuan', 'PEKALONGAN', 'DK KRANDON DS. SIJERUK', 'IPS'),
('0026659327', 'ATHALIA DIAH RIZQULLAH', 'Perempuan', 'PEKALONGAN', 'Gembyang Sragi', 'IPA'),
('0026659339', 'SHABRINA RACHMADANI', 'Perempuan', 'PEKALONGAN', 'Dukuh Gembyang', 'IPA'),
('0026659341', 'WAHYU INTAN KUSUMA', 'Perempuan', 'PEKALONGAN', 'Dukuh Pesantren RT1 RW11 Kec Sragi Kab Pekalongan', 'IPS'),
('0026670384', 'HEGA ANA PAMBUDI', 'Perempuan', 'Pekalongan', 'ketanonageng', 'IPA'),
('0026670444', 'DIYAN LARASATI', 'Perempuan', 'PEKALONGAN', 'Desa Sijeruk', 'BAHASA'),
('0026670447', 'FARRAS YUSATISTA', 'Laki-laki', 'PEKALONGAN', 'Ds. Purwodadi', 'IPA'),
('0026670453', 'ALIFFATUL HIDAYAT', 'Laki-laki', 'PEKALONGAN', 'DUKUH BULAKTUNGGAK', 'IPS'),
('0026877843', 'BERLIANA CINDY FEBRIANTI', 'Perempuan', 'TEGAL', 'sewuni', 'IPA'),
('0027511102', 'APRILAMITA PRAMESTI KIRANTI', 'Perempuan', 'Pemalang', 'desa sikayu rt.02/rw.03', 'IPA'),
('0027657656', 'GAYATRI LAKSMI MAHESWARI', 'Perempuan', 'Pemalang', 'Dusun I RT/RW 4/1, Desa Klegen, Comal', 'IPS'),
('0027657672', 'ROSSY PUSPITA ANGGRAENI', 'Perempuan', 'Pemalang', 'dusun 1 desa klegen', 'IPS'),
('0027670309', 'TIO ADYA REFANGGA', 'Laki-laki', 'Pemalang', 'Susukan Tunggul', 'IPA'),
('0027753854', 'ADILLA YULIANI NOER FIRDAUS', 'Perempuan', 'PEMALANG', 'jalan raya pesucen barat', 'IPA'),
('0029856079', 'DIA AWALLIYAH', 'Perempuan', 'PEKALONGAN', 'DUSUN SIGERUNG', 'IPA'),
('0030111237', 'RISKA ERA WULANDARI', 'Perempuan', 'PEMALANG', 'DS BLIMBING JL NOLOREJO', 'IPA'),
('0030112121', 'HILAL HAIDAR ALIMIN', 'Laki-laki', 'Pemalang', 'Desa Losari', 'IPA'),
('0030118211', 'FARSYA ASHILA YUMNA', 'Perempuan', 'Pemalang', 'Desa Kauman RT 02/ RW 01 Kecamatan Comal', 'IPA'),
('0030118254', 'NUR KHOLIFAH', 'Perempuan', 'Pemalang', 'Dusun Kedawung', 'BAHASA'),
('0030118273', 'FEBBY WAHYUNINGSIH', 'Perempuan', 'PEMALANG', 'Dusun III', 'IPS'),
('0030119956', 'SUNY HENDY ANGGREANI', 'Perempuan', 'PEMALANG', 'KENDALSARI RT 007 RW 002 KEC. PETARUKAN - PEMALANG', 'IPA'),
('0030130061', 'PUTRI ALVIANY DYAH PRAMESWARI', 'Perempuan', 'Pemalang', 'DUSUN BALUTAN RT.03/RW.07 KELURAHAN PURWOHARJO', 'IPA'),
('0034962793', 'RIYANI', 'Perempuan', 'Pemalang', 'ds susukan', 'IPS'),
('0038755360', 'ALDI WIDODO', 'Laki-laki', 'Pemalang', 'Desa Karangtengah', 'IPA'),
('005576211', 'NURUL LATIFAH', 'Perempuan', 'Pemalang', 'Sarwodadi', 'IPA'),
('021654250', 'NANDA SEFIRA DIVA PUTRI', 'Perempuan', 'Pemalang', 'dukuh bendo', 'IPS'),
('023412890', 'RUBEN JULIANUS RIYADI', 'Laki-laki', 'PEMALANG', 'Jln.Raya Ulujami no.12 Ulujami,Pemalang', 'IPS'),
('1', 'NABILAH RIFA''', 'Perempuan', 'Pemalang', 'posongan', 'IPA'),
('14470', 'AULIA MEILINDA', 'Perempuan', 'Pemalang', 'Jatirejo', 'IPS'),
('14492', 'NUR HANIFAH', 'Perempuan', 'Pemalang', 'Ds. sidorejo', 'IPA'),
('20324275', 'MELIA DIANA', 'Perempuan', 'Pemalang', '', 'IPA'),
('20324294', 'NURFALAH OCTAVIANI', 'Perempuan', 'Pemalang', 'Dusun Kedawung', 'IPS'),
('20324300', 'RISQI ZAKIYAH', 'Perempuan', 'Pemalang', 'Jl. Akasia', 'BAHASA'),
('9995716319', 'DIAH NOVIANTI', 'Perempuan', 'Pemalang', 'Dusun Bejagan', 'IPA');

/*!40101 SET CHARACTER_SET_CLIENT=@OLD_CHARACTER_SET_CLIENT */;
/*!40101 SET CHARACTER_SET_RESULTS=@OLD_CHARACTER_SET_RESULTS */;
/*!40101 SET COLLATION_CONNECTION=@OLD_COLLATION_CONNECTION */;
